video_id,word_count,sentence_count,char_count,avg_word_length,avg_sentence_length,unique_word_count,vocab_diversity,stopword_ratio,filler_word_count,filler_word_ratio,question_mark_count,question_ratio,exclamation_count,flesch_reading_ease,flesch_kincaid_grade,automated_readability_index,long_word_count,long_word_ratio,number_count,number_ratio,capital_ratio
jXQmVFcOiUI,95,7,567,4.810526315789474,13.571428571428571,69,0.7263157894736842,0.42105263157894735,0,0.0,0,0.0,0,53.24736842105264,9.203909774436095,8.806556390977441,22,0.23157894736842105,0,0.0,0.06701940035273368
kj63uF0RhW8,230,8,1246,4.334782608695652,28.75,119,0.5173913043478261,0.44782608695652176,3,0.013043478260869565,0,0.0,0,58.11027173913044,12.296413043478264,13.771391304347823,33,0.14347826086956522,0,0.0,0.012841091492776886
5HjbZAbB-Lg,194,6,1098,4.577319587628866,32.333333333333336,115,0.5927835051546392,0.41237113402061853,1,0.005154639175257732,0,0.0,0,43.62800687285224,15.20659793814433,16.708573883161513,39,0.20103092783505155,0,0.0,0.017304189435336976
KB73TD4xQ8Y,114,5,770,5.631578947368421,22.8,79,0.6929824561403509,0.34210526315789475,0,0.0,0,0.0,0,18.69399336283186,17.6699778761062,20.12137168141593,41,0.35964912280701755,1,0.008771929824561403,0.02207792207792208
BmDybDBTe7o,218,10,1188,4.371559633027523,21.8,135,0.6192660550458715,0.41743119266055045,0,0.0,0,0.0,0,60.50000704225356,10.112305164319249,10.80197183098592,43,0.19724770642201836,2,0.009174311926605505,0.030303030303030304
XwOdPYlyqXA,332,18,1862,4.539156626506024,18.444444444444443,138,0.41566265060240964,0.45481927710843373,0,0.0,0,0.0,0,61.19409090909092,10.189393939393941,11.45009090909091,61,0.18373493975903615,0,0.0,0.014500537056928034
3OMgvtWNHp4,2336,137,12082,3.9982876712328768,17.05109489051095,590,0.2525684931506849,0.5068493150684932,3,0.0012842465753424657,11,0.08029197080291971,1,77.80307762721287,6.835445347107573,7.020586130743485,325,0.1391267123287671,10,0.004280821917808219,0.0236715775533852
3paDwuRQP1w,1236,57,7336,4.796925566343042,21.68421052631579,470,0.3802588996763754,0.4401294498381877,5,0.0040453074433656954,0,0.0,0,47.34362377850164,12.103510935318756,12.965385062819912,307,0.2483818770226537,2,0.0016181229773462784,0.008451472191930208
kCQqLNiO0mk,359,20,2002,4.4094707520891365,17.95,165,0.4596100278551532,0.46518105849582175,2,0.005571030640668524,0,0.0,0,65.5877613253189,8.805131212432197,9.013444715330557,54,0.15041782729805014,1,0.002785515320334262,0.027472527472527472
WTF9xgqLIvI,833,81,4297,3.883553421368547,10.283950617283951,225,0.27010804321728693,0.5162064825930373,15,0.01800720288115246,7,0.08641975308641975,2,87.63471912955465,3.7556756072874506,3.606561908368043,88,0.1056422569027611,0,0.0,0.02210844775424715
x8UZQkN52o4,692,85,4133,4.546242774566474,8.141176470588235,354,0.5115606936416185,0.3352601156069364,4,0.005780346820809248,15,0.17647058823529413,5,73.77728304947287,5.670038234271811,5.896425969294821,154,0.22254335260115607,4,0.005780346820809248,0.7461892088071619
1YEgMQ1xxzQ,131,4,727,4.488549618320611,32.75,83,0.6335877862595419,0.45038167938931295,1,0.007633587786259542,0,0.0,0,46.370849236641234,14.927538167938934,16.409656488549622,25,0.19083969465648856,2,0.015267175572519083,0.017881705639614855
fcxbB7ybUfs,657,18,3272,3.9254185692541856,36.5,175,0.2663622526636225,0.528158295281583,3,0.0045662100456621,0,0.0,0,51.24750627897993,16.157131955177743,17.905380602782074,73,0.1111111111111111,20,0.030441400304414,0.011613691931540342
YgyeyooSz0g,182,6,1032,4.521978021978022,30.333333333333332,85,0.46703296703296704,0.489010989010989,1,0.005494505494505495,0,0.0,0,45.427985347985356,14.458681318681318,15.759798534798534,39,0.21428571428571427,0,0.0,0.014534883720930232
1dWsw38VDjY,236,17,1247,4.127118644067797,13.882352941176471,129,0.5466101694915254,0.4364406779661017,0,0.0,0,0.0,0,78.25333333333334,6.2365957446808515,6.3911484593837535,39,0.1652542372881356,5,0.0211864406779661,0.03929430633520449
9Jyr5laC8mg,224,10,1266,4.5625,22.4,126,0.5625,0.42410714285714285,0,0.0,0,0.0,0,57.5766785714286,10.793321428571428,11.700937500000002,55,0.24553571428571427,1,0.004464285714285714,0.016587677725118485
teQqaAmqqx0,89,5,547,5.056179775280899,17.8,58,0.651685393258427,0.47191011235955055,0,0.0,0,0.0,0,58.54103370786518,9.516044943820226,11.760898876404497,27,0.30337078651685395,0,0.0,0.04204753199268738
O2ShYliS3CU,434,18,2353,4.324884792626728,24.11111111111111,207,0.4769585253456221,0.4608294930875576,3,0.0069124423963133645,0,0.0,0,57.342892922196214,11.154406713505079,11.686778558417906,75,0.1728110599078341,2,0.004608294930875576,0.014449638759031025
0eTibWQdO5M,171,11,934,4.315789473684211,15.545454545454545,95,0.5555555555555556,0.49122807017543857,0,0.0,1,0.09090909090909091,0,76.2774162679426,6.48208399787347,7.3862360446571,29,0.1695906432748538,1,0.005847953216374269,0.013918629550321198
CuF-UOcAFG8,294,4,1590,4.299319727891157,73.5,151,0.5136054421768708,0.4523809523809524,5,0.017006802721088437,0,0.0,0,11.19032473309609,29.150560498220646,35.55808510638298,53,0.18027210884353742,4,0.013605442176870748,0.027044025157232705
MyDLelMxt-A,385,19,2171,4.558441558441558,20.263157894736842,149,0.38701298701298703,0.4727272727272727,3,0.007792207792207792,0,0.0,0,58.09680856299212,11.071678149606303,12.616958661417321,78,0.2025974025974026,4,0.01038961038961039,0.010133578995854445
VAXhC2U9-2A,105,8,733,5.828571428571428,13.125,75,0.7142857142857143,0.3047619047619048,0,0.0,0,0.0,0,15.904640776699068,16.15856310679612,17.724466019417477,44,0.41904761904761906,2,0.01904761904761905,0.03274215552523874
JKueLneBoik,75,10,397,4.16,7.5,49,0.6533333333333333,0.37333333333333335,0,0.0,0,0.0,4,92.34466666666667,2.4493333333333354,3.021066666666666,10,0.13333333333333333,4,0.05333333333333334,0.03526448362720403
2-4autDbHVQ,261,22,1335,4.0,11.863636363636363,154,0.5900383141762452,0.4482758620689655,2,0.007662835249042145,0,0.0,1,83.3648275862069,4.7192118226601,4.183711001642035,36,0.13793103448275862,3,0.011494252873563218,0.03445692883895131
SqAiJrvHXNA,584,13,3220,4.434931506849315,44.92307692307692,251,0.4297945205479452,0.3561643835616438,6,0.010273972602739725,0,0.0,0,38.696942868452325,19.002915951972557,22.305221005409685,109,0.18664383561643835,12,0.02054794520547945,0.020807453416149067
YbuG8xyUO-o,108,9,576,4.185185185185185,12.0,78,0.7222222222222222,0.4444444444444444,1,0.009259259259259259,0,0.0,3,79.5491666666667,5.517592592592596,5.542752293577983,13,0.12037037037037036,1,0.009259259259259259,0.024305555555555556
wd8VQ5E7o7o,207,5,1169,4.599033816425121,41.4,120,0.5797101449275363,0.40096618357487923,6,0.028985507246376812,0,0.0,0,39.34903883495146,18.006155339805833,21.210970873786408,47,0.22705314009661837,0,0.0,0.02566295979469632
QYp0lGhyL6A,283,16,1556,4.402826855123675,17.6875,143,0.5053003533568905,0.4028268551236749,1,0.0035335689045936395,1,0.0625,0,65.41999668727918,8.528619699646644,8.61707155477032,52,0.18374558303886926,0,0.0,0.018637532133676093
94ULum9MYX0,440,33,2377,4.284090909090909,13.333333333333334,195,0.4431818181818182,0.4,3,0.006818181818181818,1,0.030303030303030304,0,69.63834545295252,7.740785876993169,7.815701769756437,60,0.13636363636363635,10,0.022727272727272728,0.019772822885990745
laxadgca3Fo,95,7,621,5.463157894736842,13.571428571428571,63,0.6631578947368421,0.3473684210526316,0,0.0,0,0.0,0,39.73333333333335,11.60936170212766,12.85950354609929,33,0.3473684210526316,1,0.010526315789473684,0.020933977455716585
W1CWpktWtTs,1161,103,6262,4.202411714039621,11.271844660194175,390,0.3359173126614987,0.46511627906976744,14,0.012058570198105082,11,0.10679611650485436,9,78.81348337084273,5.36777083159679,5.509971659581563,174,0.14987080103359174,1,0.0008613264427217916,0.023954008304056213
1J9Fa995Ojs,153,2,923,5.0130718954248366,76.5,97,0.6339869281045751,0.32679738562091504,0,0.0,0,0.0,0,-8.494852941176447,33.448921568627455,40.55470588235294,45,0.29411764705882354,0,0.0,0.004333694474539545
hUBQrLjm4M4,97,4,553,4.618556701030927,24.25,70,0.7216494845360825,0.41237113402061853,0,0.0,0,0.0,0,55.8814112903226,11.240940860215058,13.542419354838707,20,0.20618556701030927,0,0.0,0.0108499095840868
nKiC9sEP2vM,510,24,3348,5.370588235294117,21.25,274,0.5372549019607843,0.34901960784313724,0,0.0,0,0.0,0,33.7138350591716,13.80496301775148,14.932732108317218,182,0.3568627450980392,7,0.013725490196078431,0.05137395459976105
H9BNzzxlscA,295,11,1583,4.261016949152542,26.818181818181817,132,0.44745762711864406,0.4135593220338983,3,0.010169491525423728,0,0.0,0,55.152172573189546,12.22909090909091,12.559395993836667,56,0.18983050847457628,0,0.0,0.011370814908401769
sFLTjqVS7AE,731,43,4315,4.792065663474692,17.0,357,0.4883720930232558,0.4008207934336525,1,0.0013679890560875513,0,0.0,0,55.64466049382716,9.81001273760533,10.233884780070063,180,0.24623803009575923,0,0.0,0.022479721900347624
A2E78CGi5TU,621,32,3454,4.462157809983897,19.40625,252,0.4057971014492754,0.43156199677938806,6,0.00966183574879227,0,0.0,0,62.45260080645163,9.361733870967743,9.794354838709676,125,0.20128824476650564,1,0.001610305958132045,0.017371163867979156
dJ5MXl66-UQ,250,10,1423,4.608,25.0,153,0.612,0.408,0,0.0,0,0.0,0,47.696439759036195,12.792485943775102,13.031274900398408,56,0.224,3,0.012,0.040758959943780745
veA6ECsGFxI,107,8,727,5.682242990654205,13.375,83,0.7757009345794392,0.3364485981308411,0,0.0,0,0.0,0,20.67821428571432,14.722619047619048,15.265999999999998,44,0.411214953271028,3,0.028037383177570093,0.023383768913342505
EJT25p7JahU,348,11,1950,4.459770114942529,31.636363636363637,189,0.5431034482758621,0.4339080459770115,3,0.008620689655172414,0,0.0,0,45.844029342415496,14.701776264081744,15.738437500000003,70,0.20114942528735633,2,0.005747126436781609,0.015384615384615385
rVG8gOAY0JE,174,5,1080,5.160919540229885,34.8,89,0.5114942528735632,0.4540229885057471,1,0.005747126436781609,1,0.2,0,27.109551724137958,18.123379310344827,20.52155172413793,56,0.3218390804597701,1,0.005747126436781609,0.010185185185185186
6c7vAwDSVGc,96,5,546,4.635416666666667,19.2,72,0.75,0.3645833333333333,1,0.010416666666666666,0,0.0,0,39.842434456928885,15.072134831460676,17.64131086142322,22,0.22916666666666666,4,0.041666666666666664,0.04212454212454213
oPvUDLhTrjI,421,19,2171,3.973871733966746,22.157894736842106,225,0.5344418052256532,0.42042755344418054,1,0.0023752969121140144,2,0.10526315789473684,1,71.83238366697603,8.430987670688058,10.07593265279067,59,0.14014251781472684,0,0.0,0.041455550437586364
TO5HjoK8Iu8,402,21,2563,5.2611940298507465,19.142857142857142,226,0.5621890547263682,0.373134328358209,0,0.0,0,0.0,0,34.130526315789496,13.715789473684215,14.626766917293232,121,0.3009950248756219,1,0.0024875621890547263,0.03160358954350371
