video_id,transcript,word_count,curiosity_score,critical_thinking_score,creativity_score,curiosity_reasoning,critical_thinking_reasoning,creativity_reasoning
2-4autDbHVQ,"Hey guys, my name is Maria. I am originally from Romania, now living in the US, and I just wanted to make a very quick video about Forskolin. For most of my life I've struggled with weight gain. In the last two years I've had some success with the THM program, for those of you who are familiar with that. But recently a friend of mine was having a lot of success with Forskolin. And actually before trying Forskolin I had never taken any weight loss supplement. None at all. But it was pretty obvious that this was working well for Anette, and she has a similar body type to me so I figured, why not give it a try. I've been taking it for 9 weeks now, just over 9 weeks. And I'm down 13 pounds. And honestly I feel so much healthier. The biggest difference I think is my appetite. I don't have the same urge to eat like I did. I just feel a lot better. I dont believe Forskolin is some magic pill, because it's not. You still need to develop good eating habits. But there is no doubt that it has worked really well for me to control my appetite. So I would definitely recommend giving it a try. Click the link in the description and you can buy it where I bought mine. Thanks guys for watching, and have a great day. Oh and if you have any questions about Forskolin or about my weight loss journey feel free to send me a message. Bye!",261,2,2,1,"Maria shows a basic level of curiosity by trying Forskolin after seeing its effects on her friend, but she doesn't delve deeper into how it works or explore other possibilities. Her curiosity is mainly driven by personal experience and a friend's recommendation, as seen when she says 'it was pretty obvious that this was working well for Anette, and she has a similar body type to me so I figured, why not give it a try'.","Maria demonstrates basic critical thinking by acknowledging that Forskolin is 'not some magic pill' and that good eating habits are still necessary. However, she lacks in-depth analysis, relying heavily on personal experience and anecdotal evidence, as evident when she states 'I've been taking it for 9 weeks now, just over 9 weeks. And I'm down 13 pounds'.","Maria's approach to weight loss and her use of Forskolin lack creativity, as she primarily follows her friend's lead and a established program (THM), without introducing novel ideas or adapting solutions to her specific context beyond trying a new supplement. Her solution is conventional and doesn't show deviation from standard approaches."
SqAiJrvHXNA,"Hi this is Donnie, welcome back to Flooring My Life product reviews Today we're going to give a review on Reward Hardwood Flooring First I want to go over a little of the company background of Reward Then I'll go over the design, construction, finish, maintenance, and installation of this product Reward is actually a brand of Galleher company Galleher is a large distributer here on the west coast and Reward is actually manufactured in China but they do a really good job of quality control by having employees actually employed in their China manufacture facilities The design is really what makes this product line You're going to have a lot of species options with red oak, white oak, maple, birch, American walnut, American cherry hickory, a lot of stain colors within those species as well also some exotics. Brazilian cherry, Santos mahogany, Brazilian cherry So a lot of design options as well as a lot with the texture so you'll have smooth, hand scraped, chatter marks, bleeding, a lot of different options for textures You have a lot of different things you can really do with the floor The product is made up pretty well. It's an engineered product overall There's half inch and three eighths options in terms of thickness 1 mil, 2 mil, 3 mil wear layer depending on what actual style you go with within Reward The longevity of the product will definitely depend on how thick of a wear layer you end up purchasing You're also going to get some good width options. Some products come with 3 and 5 some only have 3, you also have some random width lines in here where you'll get 3, 5, 6 and 7 So there's a lot of different width options you can do which is really good for design Length is pretty average. You're going to get 48 inch average length. It is random so probably a little big above average in a lot of things you see out there so nothing overly spectacular about the board length. In terms of the finish, it's got a great finish, it has the aluminum oxide finish on it It's always important to keep in mind, whatever finish you buy it's going to scratch So yes this hardwood will scratch but it also has a very nice 25 year warranty on the finish The product itself, the maintenance is very very easy Just like you would maintain any other hardwood floor, you're going to sweep dust mop, wipe up spills and every once in a while you can damp mop Make sure you keep felt pads under furniture, things like that Installation really has a lot of options here. You can nail it, staple, glue, float That means you can pretty much put it in every room in your house Your basement all the way up to your top floor kitchen, bathroom. Definitely don't recommend the bathroom but any common space, this product can be installed there So we kind of gave a basic overview of the design, you have a lot of design options within this line. It can be installed pretty much anywhere…very easy to maintain It's a very quality constructive product I think overall this is a great buy. This floor itself is a value choice. A great overall purchase no matter which one you buy The price and the value always match with Reward Hardwood Flooring This is Donnie with Flooring My Life product reviews. Thanks for watching",583,2,3,2,"The speaker provides a thorough overview of the product, but does not ask questions or seek additional information, indicating a low level of curiosity. They primarily focus on presenting the features and benefits of the Reward Hardwood Flooring, without exploring deeper or challenging assumptions, as seen in the straightforward presentation of the company background and product details.","The speaker demonstrates competent critical thinking by identifying pros and cons of the product, such as the quality control measures in place and the potential for scratching, and provides a balanced view of the product's features. However, they do not delve deeper into complex issues or evaluate evidence, as evident in the simplistic statement that 'whatever finish you buy, it's going to scratch'.","The speaker presents the product's features and design options in a straightforward manner, without introducing novel or original ideas. They highlight the various design options and textures available, but do not demonstrate transformative or paradigm-shifting thinking, as seen in the conventional presentation of the product's benefits and features."
YbuG8xyUO-o,"- Hey there. It's Blake Bogese, and I have some great news for you. Your loan is out of processing and is now with our underwriters. Our underwriters have the final say on your mortgage application. They're the ones that make sure all the i's are dotted and the t's are crossed. Underwriting turn times typically take about 72 hours, and as soon as you loan is conditionally approved, you will be the first one to know. Please check your email, and I'll send you another video like this in a couple of days. Thank you so much, and I'm so excited for you! We are so close now!!",109,1,1,1,"The speaker does not demonstrate any curiosity, as they simply convey information without exploring any 'why' or 'how' questions. The tone is informative but lacks any depth or inquiry, such as asking about potential issues or seeking feedback. The script appears to be a standard update without any room for exploration.","The speaker exhibits no critical thinking, as they present information in a straightforward manner without analyzing or evaluating any aspects of the underwriting process. There is no discussion of potential biases, assumptions, or edge cases that might affect the mortgage application. The speech is purely descriptive and lacks any evidence of objective analysis.","The speaker's approach is conventional, following a standard script without introducing any novel ideas or perspectives. The use of a video update is a common practice, but the content itself does not demonstrate any originality or creativity in addressing the applicant's situation or the underwriting process. The speech adheres strictly to a standard format without deviation."
wd8VQ5E7o7o,"My interest in the LSE program really focused on my interest in sustainability. As an undergraduate student at Portland State I got really involved in the Take Back the Tap campaign, which is involved in installing water bottle refilling stations and I knew that as I was looking for a graduate program that something like the LSE program would be a great place where I could continue to make change but also learn about how to kind of empower other people in making change, specifically in kind of educational contexts. One of the attributes about the LSE program that I think makes it stand out more than anything else is its strong focus on leadership and not leadership in this kind of traditiona,l kind of top-down ""I'm gonna show you how to fix the problems"", but leadership in a more engaged and empowering sort of way. Really focuses on getting people around the table to to solve problems together rather than kinda following directions, so I think that that's one of the things that makes it unique and makes it one of those things that I think the graduates from the LSE program are gonna do some pretty amazing things. We're all focused on solving problems.",206,3,3,2,"The candidate shows engagement and interest in the LSE program, particularly in its focus on sustainability and leadership, as seen in their involvement in the Take Back the Tap campaign. However, they do not ask questions or seek deeper understanding of the program's specifics beyond its general attributes. Their curiosity is moderate, driven by a desire to continue making change and learning about empowering others.","The candidate demonstrates competent critical thinking by identifying the LSE program's unique focus on leadership and its approach to problem-solving, highlighting the difference between traditional top-down leadership and a more engaged, empowering approach. They analyze the program's attributes but do not delve into deeper analysis or evaluation of its potential impacts or challenges. Their critical thinking is evident but remains at a basic level of analysis.","The candidate's creativity is incremental, as they adapt existing ideas, such as the concept of leadership, to new contexts, like educational settings. However, they do not introduce novel or original ideas, instead focusing on the program's existing strengths and their personal experiences, like the Take Back the Tap campaign, without suggesting innovative solutions or approaches."
QYp0lGhyL6A,"Hi there, Eric Bakker, naturopath and author of Candida Crusher with another frequently asked question. Can I get fluconazole over the counter? You can get it over the counter and it's become recently available now in many countries as an OTC or over-the-counter drug, but why would you want to take a drug like this over the counter without seeing a doctor. Fluconazole's quite a powerful drug with many potential side effects. If you go to many databases online, you can read about all the nasty side effects from diflucan or fluconazole. It has some very powerful effects on the liver. So my advice to you if you must take this drug is to take it in a very short period of time and certainly don't repeatedly take this drug. Once you've finished your course, ask your naturopath or health care professional if you can go on a course of St. Mary Thistle, a good herb to help mop up any liver toxins. Another good solution for you would be to use a standardized garlic extract, which is going to help clear residues from your liver. Beet root and carrot juice are other good alternatives, as is drinking water with lemon juice in it. But my advice would be not to rely on diflucan in the first place and try and look for alternatives. In my book, Candida Crusher, you can read all about the alternatives to diflucan. Whether you have a vaginal infection or jock itch, or throat yeast infection or mouth, there are many natural alternatives you can use. So my advice would be not to take this drug if you can avoid it. So I hope that answers your question.",283,2,3,3,"The speaker does not demonstrate a high level of curiosity as they primarily provide information and advice without exploring the topic in depth or asking questions. They do mention the importance of consulting a healthcare professional, but this is more of a precautionary statement rather than an expression of curiosity. The speaker's focus is on providing alternatives to fluconazole rather than exploring the underlying mechanisms or implications.","The speaker exhibits competent critical thinking by identifying potential side effects of fluconazole and advising against its prolonged use. They also suggest natural alternatives, demonstrating an ability to weigh the pros and cons of different approaches. However, the critique of fluconazole is largely based on its potential side effects rather than a nuanced analysis of its efficacy or the underlying causes of the conditions it treats.","The speaker shows adaptive creativity by suggesting various natural alternatives to fluconazole, such as St. Mary Thistle, garlic extract, beet root, and carrot juice. These suggestions demonstrate an ability to think beyond conventional treatments and adapt existing knowledge to new contexts. However, the ideas presented are not particularly novel or transformative, and the speaker does not challenge the underlying assumptions about the nature of the conditions being treated."
94ULum9MYX0,"This short video is to remind us about a new heaven and a new earth. 1. This earth as we know it today will disappear. The seas will also cease to exist. But not to worry, for those whose hobbies are connected to nature, like fishing, in the new heaven and the new earth there will exist many other things that are a million times more exciting than everything that we like and enjoy on this earth today. No longer will there be people who succumb to underwater currents or shipwrecks that have been caused by storms, or any other accidents involving any bodies of water. 2. The Holy City New Jerusalem The beauty and brilliance of the new heaven and new earth will be something that cannot be painted with words because humans have no concept of it. Only God is able to conceive, design and create things so spectacular motivated by His great love towards us. 3. God dwells in the midst of humans. In the new heaven and new earth we are His beloved people and children. We experience unimaginable happiness, relief and joy. Who are we, to be able to see the beautiful and perfect face of God? All of this possible only because of what Jesus has done on the cross. 4. There will no longer be tears and death. Like a father who wipes away the tears of His children, so God will wipe away all the tears from our eyes. There will be no more death, no more mourning, no more lamentation and sorrow All painful and heartbreaking things will pass away. 5. Everything will be new and very beautiful. There will be things that are beyond the cognition and imagination of the human mind. No eye has seen and no ear has heard about the things that are there. Not even the most wonderful dream can match an iota of the beauty of the new heaven and earth. 6. There will be a fountain of life. For those thirsty after the water of the fountain of life, it will be given freely by the Alpha and Omega, the Beginning and the End. 7. Only those victorious will enter it. The fearful, the unbelieving, the vile, murderers, the immoral, witchcraft practitioners, idol-worshippers, liars will not enter but be cast into the lake of fire and brimstone. The above is taken from Revelation 21:1-8. We can be partakers of the new heaven and the new earth only because of what Jesus has done on the cross. Therefore, make the Lord Jesus the centre of your life because all other things will pass away.",439,2,1,1,"The speaker does not demonstrate a high level of curiosity as they primarily reiterate and interpret biblical passages without questioning or exploring the underlying concepts in depth. For example, they state 'The beauty and brilliance of the new heaven and new earth will be something that cannot be painted with words' without seeking to understand or challenge this idea further (section 2).","The transcript lacks critical thinking as it presents information in an uncritical and accepting manner, without analyzing or evaluating the ideas or concepts presented. The speaker does not identify biases, assumptions, or potential flaws in the biblical narrative, instead presenting it as absolute truth (e.g., section 7).","The speaker's creativity is limited as they strictly adhere to the biblical narrative without introducing novel ideas, perspectives, or interpretations. The presentation is conventional and does not demonstrate an ability to think outside the given framework or connect unrelated concepts in innovative ways."
laxadgca3Fo,"Australia's mining industry has become one of the largest sectors of the nation's economy. A new report from Deloitte indicates that the industry is starting to grow more slowly this year. Deloitte said that Australia's mining industry has started to saturate, which creates concerns over future economic growth. Deloitte said that the maturation of Australia's mining industry could have implications for the global economy. Economists in the United Kingdom feel that the challenges to the Australian mining industry could extend their own country's double dip recession."" For the complete article, please go to Big4.com",94,1,2,1,"The transcript lacks any questions or exploratory statements, indicating no desire to learn or understand the topic beyond what is presented. The speaker simply reports on a Deloitte report without seeking depth or additional information. There is no evidence of probing 'why' or 'how' regarding the mining industry's saturation.","The transcript describes the situation with the mining industry but lacks analysis of the implications or potential solutions. It mentions concerns and potential effects on the global economy but does not evaluate these points critically. The speaker does not identify biases, assumptions, or edge cases related to the report's findings.","The transcript adheres strictly to reporting the information from the Deloitte report without introducing any novel ideas, adaptations, or potential solutions to the challenges faced by the mining industry. There is no evidence of imagination or original thought in addressing the situation. The speaker does not connect unrelated concepts or propose innovative approaches."
W1CWpktWtTs,"I always say, ""just start by being curious!"" What does he actually want to know about? Maybe there's a sports game that just happened. Maybe there's some political event. Maybe there was an article in the newspaper. What does he actually want to talk about? Ask a question about that. You don't realize what you can trigger in somebody else when you ask a question. She was dynamic, very energetic, keep everyone on their toes and really really entertaining... very very good content! Michelle presented things in a really fresh way. She was just really dynamic funny, cute, but definitely delivered the punch- a lot of good information. She had such a great personality- she was very engaging. We're going to look at three laws here: familiarity... stay in their mind, giving... that's the most important. How do we give? Because that strengthen the relationship... and of course patience! Which is the last chapter because it's the hardest one. Don't just go to those professional groups. Don't just go to the ones that you think you should belong to. Go to the ones that you're actually interested in belonging. Social media is used and oftentimes abused, but more effectively used in corporations and organizations and how they can successfully use it and Michelle hits on that... Jenna Lawrence Jenna Lawrence, are you here? Hi! She connected with me on LinkedIn before today. Her name is in my head right now... so you can connect to somebody before an event to say, ""Hey I'm looking forward to meeting you at this event."" Now I'm going to seek that woman out because her name is in my head. Nice job. Nice job. How many people tweet? Steve- tell me why you tweet. I just tweeted about you! ...Oh thank you! that was not a plant! Tiny in size, but amazing in dynamic. ""Awww..."" I didn't get it at first, but what I can tell you is now that I've started tweeting, it's amazing who I'm connecting to. People I would never connect to... On Facebook you can figure out how they know you and how they're connected and anybody who likes my Facebook page, I can look at them I look them up, I see who they know and can say ""Oh, that's how they found me..."" Twitter? I don't know how to do it... but I'm meeting all these people that I would have never met otherwise... and then when they follow me I will actually say you know, ""thanks for following me"" and I'll say something about them. I'll go to their website and take the few seconds to look at their description, their website, their mission, some of their tweets and I will actually say something specific and personal about them and then a conversation happens back and forth. I enjoyed Michelle's quirkiness, her funniness the most and and she led you into some great information but she kept it simple, kept the fast, kept it funny. Her ideas with google and other technology apps was fantastic. I can't wait to get back to my office to start using them... Giving. This is often what challenges people because I really do believe that people want to give. If they can do something for somebody else they want to do that but they just don't always know how or what. So I'm gonna give you some idea here. Three I's... Introduce, Invite, Inform... she's the kind of speaker that I really couldn't take my eyes off of and listen to every word and try to just absorb her energy and enthusiasm and all of her wisdom. I met Amy when I was at Columbia Women and Business, my first ever time I went there. I wasn't a speaker yet, and she was... and I was like, ""this woman is awesome"" and I said, ""Can I take you out to lunch?"" and she gave me two hours of her time for me to pick her brain... and I thought well how am I ever going to give back? This is where patience comes in because I couldn't. I'm sitting at the gym at my kids school and she walks by and she's like Michelle? Baby? Omg! It was one of those... We sat there and started chatting for over an hour... and I said, ""I just wrote about you!"" She's looking like, ""What are you talking about?"" Because she had no idea I was writing a book. I said, ""You know it was because of you- that you SAT with me, that I have SAT with over 100 people who have wanted to start their own businesses... and she just kind of... she literally lost her breath for a moment. I get a little choked up because it was a really special moment... and one of the things that you can give when you have nothing else is appreciation. You can give recognition. You can give credit and that's what I gave to Amy. So be patient with yourself. Always look for those opportunities, but be okay that you can't do them yet. Michelle is an extremely energetic, dynamic speaker. She gave some tremendously useful tips today and I thought that her stories just make everything so personal and they brought every example that she gave to life, and it made it feel like- I see how this is so important and useful. What I liked about her style was the fact that she shared stories and that was the reason why I was able to relate to a lot of the things that she was talking about. So here's what I want you to think about... that patience with allowing the relationship to grow. Sometimes we don't click instantaneously, but when we see potential or we have an interest or desire to connect with this person, give it time. I'm gonna tell you my mom's rule of dating. She used to tell me this when I was in high school. Give a guy three chances Michelle if on the first date you're having a bad time, he's having a bad day. If on the second date you're having a bad time you're having a bad day. If on the third day you're having a bad time, well you gave it a shot. Okay... I don't know if three is the magic number but when it comes to relationships give it more than one. I made some good notes for myself definitely. I love that view that you put forth, that it's about the long-term relationship. I love that. That's very helpful and comforting. I want you to think about networking not as need... because we're not networking for need. We're not networking for now. You are building relationships that will sustain you. You are networking for life... because the network that you build because you want to, because you get to, that's the one that will sustain and carry you through.",1161,4,3,3,"The speaker demonstrates high curiosity by exploring various topics such as social media usage, networking strategies, and personal relationships, and by asking questions like 'What does he actually want to know about?' and 'How do we give?' to deepen understanding. They also show interest in learning from others, as seen in their enthusiasm for Michelle's presentation and their desire to apply her ideas. This curiosity is evident throughout the transcript, showcasing a desire to learn and understand new concepts.","The speaker exhibits competent critical thinking by identifying key concepts like familiarity, giving, and patience, and by analyzing their importance in building relationships. They also provide examples and anecdotes to support their points, such as the story about Amy and the importance of patience in relationships. However, the critical thinking is mostly descriptive and lacks deeper analysis or evaluation of assumptions and biases.","The speaker shows adaptive creativity by applying existing ideas to new contexts, such as using Michelle's presentation as a basis for their own thoughts on networking and relationships. They also demonstrate an ability to think outside the box, as seen in their suggestion to approach networking as a long-term relationship-building process rather than a short-term need. However, the ideas presented are not particularly novel or transformative, and the speaker mostly builds upon existing concepts."
1J9Fa995Ojs,"embossing fun and funky patterns into fondant has never been easier with the new pattern embossers by Wilton these updated patterns create subtle textures and hard to achieve patterns into fondant or gum paste, the four new rollers come individually packaged and are designed to work perfectly with our current pattern embossing tool which is now been repackaged to include the Dot pattern embosser the burlap, geometric, leopard and quilt pattern embossers are perfect addition to any decorators tool set just pop the roller in the handle and you're ready to roll use the embossers to add detail to a fondant ribbon or cover the entire cake with decorative designs the possibilities are endless and the emboss designs work great for easy highlighting with Wilton color dust pearl dust color mist or edible food writing markers. Wilton pattern embossers make it easy so you can add beautiful accents and designs to any cake",153,1,1,2,"The transcript does not demonstrate any curiosity, as it is a straightforward promotional speech about a product. There are no questions asked or exploratory statements made, such as 'how' or 'why' the embossers work. The speaker simply presents the features and benefits of the product.","The transcript lacks critical thinking, as it presents information without analysis or evaluation. The speaker does not identify any pros or cons, and there is no logical structure to the presentation beyond listing the features of the product, as seen in the phrase 'the four new rollers come individually packaged'.","The transcript shows some incremental creativity in suggesting various uses for the embossers, such as 'add detail to a fondant ribbon or cover the entire cake with decorative designs'. However, these ideas are minor variations on existing decorating techniques and do not demonstrate novel or original thinking."
hUBQrLjm4M4,"Advertising that’s helpful for students that are prospects looking for education range anywhere from television commercials that they see while they’re watching TV, and it really brings back the brand and to mind. And a lot of people will go to the internet and then search out for educational opportunities. You can use direct mail, radio, billboard displays. There’s so many different avenues to brand the school, so that when the student is really ready to take that next step and do their search, they think of the company that they’ve seen branded.",93,1,2,1,"The transcript does not show any evidence of the speaker seeking to learn, understand, or explore new information. The speaker presents a straightforward, factual explanation of advertising avenues without asking questions or probing for deeper insights. For example, the statement 'there's so many different avenues to brand the school' lacks any follow-up inquiry into the effectiveness or potential of these avenues.","The speaker describes various advertising methods but does not provide any analysis or evaluation of their effectiveness. The statement 'it really brings back the brand and to mind' suggests a basic understanding of branding but lacks critical examination of how these methods impact student decision-making. There is no evidence of identifying pros, cons, or potential biases in the advertising strategies mentioned.","The transcript presents conventional advertising methods such as television commercials, direct mail, radio, and billboard displays without any novel or original ideas. The speaker does not suggest innovative approaches to branding or reaching prospective students, sticking strictly to traditional methods. For instance, the phrase 'so many different avenues to brand the school' implies a lack of creativity in exploring new or unconventional branding strategies."
nKiC9sEP2vM,"Thank you for joining us for The Tradex Foods ""3-Minute Sustainability Recap"" A summary of hot news items in sustainability – for seafood purchasers and industry. The following information is a rundown of key sustainability news items for the month of October. ------First up, the number of retailers committed to sustainable seafood keeps on growing: Target announced that it will only sell sustainable and traceable seafood by 2015. And the first African retailer – Pick n Pay –- has made a similar commitment. Pick n Pay is South Africa’s second largest retailer. And finally, the infamous Pike Place Market in Seattle will be dropping their iconic mascot – the monkfish – along with other unsustainable species as a part of their new policy to source only sustainable seafood. ------Next up – Russia made some headlines in seafood sustainability this month: The World Wildlife Fund - and Fisheries Holding Karat have agreed to develop educational programs on sustainable fisheries. The aim is to increase knowledge amongst fishing crew members and fishing companies of sustainable fisheries and the requirements for environmental certification according to the MSC. And, McDonalds is considering the launch of a Pollock processing factory in Russia. The factory would produce filet-of-fish sandwiches out of Alaska Pollock sourced from MSC-Certified fisheries in the Sea of Okhotsk and the Bering Sea. This is contingent on the Russian fisheries obtaining the MSC eco-label. And in Germany, two supermarket chains have launched campaigns to promote sustainable seafood: Kaufland is supporting traditional tonguesole fishing in Gambia. For every kg of MSC certified fish sold during the 4 week campaign, 50 euro cents will be donated to the African fishery to help improve the situation of fishermen in Gambia who hope to be certified against the MSC standard. And, EDEKA supermarkets – is working with MSC on a campaign that features high impact point-of-sale materials to promote MSC products. This is the first joint-MSC in-store supermarket campaign that encourages shoppers to look for the eco-label. ------Next up, The California Academy of Sciences is showcasing Safeway's leadership in seafood sustainability as part of the Academy's ""Science in Action"" video exhibit. The video highlights innovative ways that researchers, retailers and environmental groups are harvesting seafood without jeopardizing the health of the ecosystems from which it was caught. And, a study conducted by the University of British Columbia found that Peru ranks first in terms of sustainable fisheries. Peru’s program includes individual catch quotas, a GPS ship tracking system and inspectors at every factory. ------And finally, a quick update on the Marine Stewardship Council: Big Y – one of the largest supermarket chains in New England recently obtained MSC Chain of Custody Certification. The Zhangzidao Scallop fishery has become the first Chinese fishery to enter full assessment for MSC certification. The fishery uses diving and dredging methods to produce 60,000 metric of Yesso Scallops each year. And finally, the Fogo Island coldwater Shrimp off the coast of Newfoundland has obtained MSC certification. ------Thank you for joining me for The Tradex Foods ""3-Minute Sustainability Recap"" This is Ryan McKay - “BUY SMART” and “EAT MORE SEAFOOD”",517,2,2,1,"The speaker presents various news items related to seafood sustainability without delving deeper or asking questions, indicating a low level of curiosity. There is no evidence of the speaker seeking 'why' or 'how' or exploring implications, as seen in the straightforward presentation of Target's commitment to sustainable seafood by 2015.","The speaker describes various initiatives and news items but lacks analysis or evaluation of the information presented. For example, the announcement of McDonald's considering a Pollock processing factory in Russia is stated without critical examination of potential environmental impacts or the implications of the MSC certification process.","The presentation follows a conventional format, summarizing existing news items without introducing novel ideas or connections between the different sustainability initiatives. The speaker's conclusion to 'BUY SMART' and 'EAT MORE SEAFOOD' is a standard call to action, lacking originality or a creative approach to promoting seafood sustainability."
H9BNzzxlscA,"My name is Christine Marquette and I'm a registered and licensed dietitian with the Austin Regional Clinic and I'm going to talk to you about how long a person can live without water. This is actually very dependent on two things: weather conditions, and the person's percentage of body fat. The more body fat a person has, the less bodied water that they have, so if somebody has a very high percentage of body fat, they're actually going to become dehydrated much more quickly than somebody that has a higher percentage of body water. As far as these conditions, the climate also has a huge impact. If you were say, out in the desert. It's a hundred and twenty degrees, you would probably only survive about two days without water. However, if you were in a colder climate, say maybe it was about fifty degrees, and you were in shape, you may be able to survive up to ten days. Maybe even fourteen days, again, if you were somebody who had a very high body water percentage. So it's a very wide range, maximum of two days in a very hot climate, all the way up to a maximum of fourteen days in a colder climate, if you have a very high body water percentage. The other thing to keep in mind is your actual health status. If you have any type of sickness, say for example you had a cold or the flu or something like that, you are already running a fever, that would also cause you to become more dehydrated more quickly so you would not survive as long without water as somebody that entered that state in a healthy condition, so wide range of how long you can survive without water.",295,2,3,1,"The speaker presents established knowledge on the topic without exploring new ideas or asking questions, indicating a low level of curiosity. The discussion is informative but lacks depth or a desire to understand the underlying mechanisms, as seen in the straightforward presentation of factors influencing dehydration. There's no evidence of probing 'why' or 'how' beyond the surface level.","The speaker identifies key factors such as weather conditions and body fat percentage that influence dehydration, demonstrating competent critical thinking. The analysis includes logical structure, noting the impact of climate and health status on survival without water, as exemplified by the comparison between desert and colder climates. However, the discussion does not delve into biases, assumptions, or edge cases, limiting the depth of critical thinking.","The presentation strictly adheres to conventional knowledge about dehydration and survival without water, without introducing novel ideas or perspectives. The speaker does not adapt solutions to new contexts or connect unrelated concepts, as the discussion remains within the boundaries of established facts. The speech lacks originality, sticking closely to standard information on the topic."
sFLTjqVS7AE,"The President: Hi, everybody. This Monday, I'm heading to Alaska for a three-day tour of the state. I've been looking forward to this for a long time. Not only because Alaska is one of the most beautiful places in a country that's full of beautiful places - but because I'll have several opportunities to meet with everyday Alaskans about what's going on in their lives. I'll travel throughout the state, meeting with Alaskans who live above the Arctic Circle, with Alaska natives, and with folks who earn their livelihoods through fishing and tourism. And I expect to learn a lot. One thing I've learned so far is that a lot of these conversations begin with climate change. And that's because Alaskans are already living with its effects. More frequent and extensive wildfires. Bigger storm surges as sea ice melts faster. Some of the swiftest shoreline erosion in the world - in some places, more than three feet a year. Alaska's glaciers are melting faster too, threatening tourism and adding to rising seas. And if we do nothing, Alaskan temperatures are projected to rise between six and twelve degrees by the end of the century, changing all sorts of industries forever. This is all real. This is happening to our fellow Americans right now. In fact, Alaska's governor recently told me that four villages are in ""imminent danger"" and have to be relocated. Already, rising sea levels are beginning to swallow one island community. Think about that. If another country threatened to wipe out an American town, we'd do everything in our power to protect ourselves. Climate change poses the same threat, right now. That's why one of the things I'll do while I'm in Alaska is to convene other nations to meet this threat. Several Arctic nations have already committed to action. Since the United States and China worked together to set ambitious climate targets last year, leading by example, many of the world's biggest emitters have come forward with new climate plans of their own. And that's a good sign as we approach this December's global climate negotiations in Paris. Now, one of the ways America is leading is by transitioning away from dirty energy sources that threaten our health and our environment, and by going all-in on clean, renewable energy sources like wind and solar. And Alaska has the natural resources to be a global leader in this effort. Now even as we accelerate this transition, our economy still has to rely on oil and gas. As long as that's the case, I believe we should rely more on domestic production than on foreign imports, and we should demand the highest safety standards in the industry - our own. Still, I know there are Americans who are concerned about oil companies drilling in environmentally sensitive waters. Some are also concerned with my administration's decision to approve Shell's application to drill a well off the Alaskan coast, using leases they purchased before I took office. I share people's concerns about offshore drilling. I remember the BP spill in the Gulf of Mexico all too well. That's precisely why my administration has worked to make sure that our oil exploration conducted under these leases is done at the highest standards possible, with requirements specifically tailored to the risks of drilling off Alaska. We don't rubber-stamp permits. We made it clear that Shell has to meet our high standards in how they conduct their operations - and it's a testament to how rigorous we've applied those standards that Shell has delayed and limited its exploration off Alaska while trying to meet them. The bottom line is, safety has been and will continue to be my administration's top priority when it comes to oil and gas exploration off America's precious coasts - even as we push our economy and the world to ultimately transition off of fossil fuels. So I'm looking forward to talking with Alaskans about how we can work together to make America the global leader on climate change around the globe. And we're going to offer unique and engaging ways for you to join me on this trip all week at WhiteHouse.gov/Alaska. Because what's happening in Alaska is happening to us. It's our wakeup call. And as long as I'm President, America will lead the world to meet the threat of climate change before it's too late. Thanks, and have a great weekend.",734,4,5,4,"The President demonstrates high curiosity by expressing a desire to learn from Alaskans about their experiences with climate change, as seen in the statement 'I expect to learn a lot' and the planned meetings with various groups. This openness to understanding the issue from different perspectives indicates a strong willingness to explore and understand the implications of climate change.","The President showcases advanced critical thinking by analyzing the effects of climate change, identifying the causes and consequences, and evaluating the need for immediate action. For example, the mention of 'six and twelve degrees' temperature rise and the impact on industries demonstrates an ability to deconstruct complex systems and synthesize evidence-based solutions.","The President exhibits original thinking by proposing a transition to clean, renewable energy sources and highlighting Alaska's potential as a global leader in this effort. The idea of convening other nations to address climate change also demonstrates novel problem-solving, although it may not be entirely transformative, it connects unrelated concepts and offers a unique approach to addressing the issue."
A2E78CGi5TU,"DAVID BELL: What I'm most interested right now is in how internet retailers acquire customers. And one thing we know from traditional retailing is it's all about location. So location, location, location-- three most important variables in retailing. But there, we're talking about the location of the store. And on the internet, what I'm finding is that picture gets reversed a little bit. It's still about location, but now it's about how the location of existing customers compares to location of potential customers. So what that means if you can sort of get a groundswell of demand going in a particular neighborhood, that can really take off. So being able to see the right locations becomes very important. Online word of mouth is also very effective, but it's not as effective as offline word of mouth. And the reason I think is because location plays such a big role in you want to buy. So if I email you and you live in San Francisco to try diapers.com, you trust me. So the the word of mouth is going. But the problem is you live right next to a drugstore. And so your relative benefit from using an online website is very different than mine. If I tell my next door neighbor here in Philadelphia and we both live way out in the suburbs, then the benefit I get-- which is not having to go to the store and low prices-- she'll get the same thing. And when we're co-located, the world of mouth is much more effective. The things the firms can do through their own actions like good prices, good delivery, great customer service that will generate word of mouth. But to the extent they can add to that, so I get an economic incentive if I buy a pair of pants and I tell you about them and you buy them. I get you 25% off my next pair, creating some kind of a virtuous self-regenerating word of mouth through giving your best customers incentives I think is very, very powerful. And those best customers have enormous leverage. If you take the very, very best ones and you kind of map out their family tree-- and I've seen this in a few different businesses now-- one customer may generate for you hundreds of other customers. So I think that's the thing that's really the most effective mechanism that I've seen. Marketers certainly need to be aware of the conversations that are going on about their products and services. I think even from the top level of management down, marketers now are having dialogue and conversations. So I think the potential to create a dialogue and to have meaningful interaction with customers is obviously greater than it was before. I think the firm needs to be careful though about seeding messages and doing things that sort of subvert the whole credibility of word of mouth, because part of the reason word of mouth's effective is because you're my friend and you tell me to do something. If I suddenly find that my friend wearing this nice shirt was given the shirt by the shirt supplier, then that starts to muddy the waters a little bit. So I think firms certainly need to know what's being said about them. They certainly need to take an active role. They certainly need to create incentives systems for their customers to recruit other customers. Though I think they also need to be careful about trying to seed or control conversations in a way that may be somewhat aversive to the customer base, or may be seen as sort of tainting the purity of the natural conversation about what's good and what's not.",620,4,4,3,"The speaker demonstrates high curiosity by exploring the nuances of customer acquisition in internet retailing, comparing it to traditional retailing, and seeking to understand the role of location and word of mouth. For example, they analyze how the 'location of existing customers compares to the location of potential customers' and its impact on demand. This in-depth examination showcases a desire to learn and understand complex phenomena.","The speaker exhibits strong critical thinking skills by identifying the limitations and potential biases of online word of mouth, such as the influence of physical location on perceived benefits. They also evaluate the effectiveness of different marketing strategies, like incentivizing customers to recruit others, and consider the potential drawbacks of 'seeding messages' that could undermine credibility. This nuanced analysis demonstrates a capacity for objective evaluation and consideration of multiple factors.","The speaker displays adaptive creativity by applying traditional retail concepts to the internet context and proposing innovative solutions, such as creating incentives for customers to generate word of mouth. However, the ideas presented, like leveraging customer networks and offering discounts, are not entirely novel and build upon existing marketing principles. While the speaker shows an ability to adapt and apply concepts to new situations, the solutions proposed do not redefine the problem space or introduce radically new ideas."
dJ5MXl66-UQ,"Hi my name is Juliana Terlizzi de Lima Netto I'm 26 years old and I'm from Rio de Janeiro, Brazil I've graduated from Le Cordon Bleu London in March 2013 Where I obtained my Patisserie Diploma after concluding the basic, intermediate, and superior courses. The Cordon Bleu gave me the fundamental skills in pastry I needed to work in the professional culinary industry. In addition to that I attended cake decorating and boulangerie programme also at the Cordon Bleu, which complemented what I had learned and thus increased my skills. After graduating I trialed for a commis pastry chef role at Duck & Waffle. A British and european restaurant located in the top of the heron tower one of the tallest buildings in London There I was able to work in production and service and it wasn't long before I got promoted to their trendy sister restaurant Sushisamba owned by the same company which has a cuisine fusion of Brazilian, Japanese, and Peruvian food. There I was able to do more sophisticated desserts and was very fortunate to be a part of the team that worked the World's 50 Best restaurants luncheon that was held there and also to be a part of the Taste of Lodon festival where we worked for both Duck & Waffle and Sushisamba. My goals now are to keep on building my career abroad work in the U.S, and gain some culinary experience in a Michelin level restaurant. In pastry, obviously. Thank you for listening, bye.",251,2,2,1,"The transcript shows Juliana sharing her background and experiences but does not demonstrate a strong desire to learn or explore new information. She mentions her goals, such as working in a Michelin-level restaurant, but does not ask questions or express interest in learning more about the industry or new culinary techniques, as seen in her straightforward statement of goals.","Juliana describes her experiences and roles but lacks analysis or evaluation of her time in those positions. For example, she mentions being promoted to Sushisamba but does not reflect on what she learned from the experience or how it impacted her skills, indicating a basic level of description without deeper critical thinking.","The transcript does not show any evidence of novel ideas, adaptations, or creative problem-solving. Juliana's career path and goals, such as working in a Michelin-level restaurant, are conventional and do not demonstrate an ability to think outside the box or approach challenges with innovative solutions."
veA6ECsGFxI,"Accenture's ability to help its pharmaceutical clients achieve more efficient global regulatory submissions that will enable them to get medicines to market more quickly, safely and at a lower cost has been enhanced. They have entered into an agreement to acquire Octagon Research Solutions, Inc., a provider of clinical and regulatory information management solutions and software for the pharmaceutical industry. Octagon's 380-member staff has deep experience in clinical data services and regulatory submissions, with 400 original applications completed, and the company is the fifth largest user of the U.S. Food and Drug Administration's (FDA) electronic submission gateway. For the complete article, please go to Big4.com",105,1,2,1,"The transcript lacks any questions or statements that indicate a desire to learn or explore new information. It appears to be a straightforward announcement without any probing or inquiry, suggesting a passive approach. There is no evidence of seeking depth or exploring implications, such as how the acquisition might impact the industry or what challenges it might pose.","The transcript provides basic information about the acquisition but does not demonstrate any analysis or evaluation of the situation. It lists facts about Octagon Research Solutions, such as the number of staff and completed applications, but does not discuss potential benefits, drawbacks, or implications of the acquisition. The presentation is descriptive rather than analytical.","The transcript does not exhibit any original ideas or novel perspectives. It strictly adheres to reporting the facts of the acquisition without suggesting innovative solutions, potential applications, or creative ways the acquisition could be leveraged. The content is conventional and lacks any transformative or paradigm-shifting insights."
EJT25p7JahU,"Let me also stand back and remind -- I think this is an important reminder -- what the United States seeks in Syria, what we have been working for, for more than a year now: We support a unified, free, prosperous, and tolerant Syria that respects the rights of all its people and becomes a force for stability and peace in the region rather than a threat. And no matter how the unrest in Syria ends -- and it's going to end; Assad's time will come -- it's going to take a lot of hard work for the Syrian people to rebuild their country and begin this process of political transition that gets them where they want and deserve to go, which is not a Syria that trades one tyrant for another set of tyrants, or one tyrant for a set of extremists, but a Syria that is able to make the transition to a democratic, tolerant, prosperous, unified country. So our policy is directed, first and foremost, towards squeezing the Assad regime to end its violence, but also to support those Syrians inside and outside of the country who are working for that kind of future. That's what our nonlethal assistance is designed to do, that's what our training is designed to do, to help Syrians unify behind these kinds of objectives -- a real transition plan to get there, new leaders who are prepared to bring Syria into that kind of future, to resist extremism, to work against it, to not allow their own fight for freedom to be hijacked. That's what we are working on. We're also supporting Syrians in preparing accountability cases against anybody with blood on their hands from any side. So that is a trajectory we are on, including our support for humanitarian assistance. As you know, we have quite a dire situation, including now refugees in very high numbers in parts of the world where we hadn't spoken about them before. We've now got some 150,000 Syrian refugees in Egypt. We've got increasing numbers in parts of Europe. So it's an issue of great concern.",352,2,3,2,"The speaker does not demonstrate a high level of curiosity, as they primarily reiterate existing policies and goals without exploring new ideas or asking questions. The speech is more informative than inquisitive, with no evident desire to delve deeper into the complexities of the Syrian situation, as seen in the straightforward statement of US objectives.","The speaker exhibits competent critical thinking by identifying key challenges, such as the need for a unified and tolerant Syria, and acknowledging the complexity of the transition process. However, the analysis lacks depth, as evidenced by the statement 'Assad's time will come,' which oversimplifies the situation, and does not critically evaluate the potential outcomes or biases in the policy.","The speech lacks creative solutions or novel ideas, instead relying on established policies and approaches, such as providing nonlethal assistance and supporting humanitarian aid. The speaker's vision for a 'democratic, tolerant, prosperous, unified country' is conventional and does not demonstrate an ability to think outside the box or propose innovative solutions to the Syrian crisis."
rVG8gOAY0JE,"You've recently purchased some corporate stock and you're becoming involved in following the progress and the operations of the corporation in which you've invested and you're hearing terminology that you vaguely remember maybe you heard about it in your 8th grade civics class or you read about it in the newspaper, but you're not that comfortable with the terminology and one of the phrases is corporate loyalty, duty of corporate loyalty. Hello, I'm Robert Todd and I'm here to answer the question what is corporate duty of loyalty? Basically this concept involves the board of directors and the officers of the corporation having a duty to the shareholders to manage their affairs to the best of their ability and perhaps more importantly, to avoid conflicts of interests. And conflicts of interests in its simplest terminology and concept is really putting the corporate's best interests first before the individual interests of the individual members of the board of directors or the individual interest of the corporate officers. I'm Robert Todd and thank you for watching.",174,2,3,1,"The speaker does not demonstrate a high level of curiosity as they are primarily explaining a concept rather than exploring new ideas or asking questions. The introduction mentions a personal experience of hearing terminology and seeking clarification, but this curiosity is not further developed throughout the transcript. The speaker's goal is to inform, not to inquire.","The speaker demonstrates competent critical thinking by identifying the key components of the duty of corporate loyalty, such as avoiding conflicts of interest. However, the analysis is straightforward and lacks depth, as seen in the phrase 'in its simplest terminology and concept', indicating a basic understanding without further critique or evaluation. The explanation is logical but does not identify biases or edge cases.","The speaker's presentation is conventional, strictly adhering to standard explanations of corporate duty of loyalty without introducing novel ideas or perspectives. The use of a simple, introductory scenario does not demonstrate adaptability or originality in presenting the concept. The explanation follows a traditional, straightforward approach without any creative deviations."
6c7vAwDSVGc,About 20－thousand nurses from more than one－hundred－30 countries are gathered in Seoul for this year′s International Council of Nurses Conference. While the main theme of the conference will be the global nursing community joining efforts to ensure health and safety around the world， it should be interesting to see what speakers like the WHO Director－General Margaret Chan will have to say about the MERS outbreak in Korea. Arirang TV will be bringing you live coverage of the opening of the global event from just before 6：30 p.m.， Korea time.,89,2,1,1,"The transcript lacks in-depth questions or exploration of the conference's themes, such as the global nursing community's efforts or the MERS outbreak. It merely states the main theme and mentions a notable speaker, showing minimal interest in the details. There is no evidence of seeking 'why' or 'how' related to the conference.","The transcript does not demonstrate any critical analysis of the conference, its themes, or the issues it addresses. It simply reports on the event without evaluating the information or identifying potential biases. There is no logical structure or evidence-based discussion presented.","The transcript follows a conventional reporting style without introducing novel ideas or perspectives. It does not connect unrelated concepts or offer innovative solutions to the issues mentioned, such as the MERS outbreak. The content is straightforward and lacks any transformative or original thinking."
oPvUDLhTrjI,"You learn a little bit about culture, When you live in with people, Who have been living around the world. For example my friend from Burundi: Jeen, The other day, Came up to me to say, “My name’s Jean, si vous plait!” It seems Jeen means Demon, In his local language, So you can see him steaming, When I can’t even manage, To distinguish between spiritual warfare, And a particular type of trousers. And then I know a Canadian, a Latin American, and a German, Who is one person. He claims ancestral roots, From all aboot the western world, And yet finds time to rest his mind in Myanmar. He’s the first man I’ve ever met, That had a hawk attack his head, To carry him away, or so he said, If only he’d been born a bunny rabbit instead. When was the last time you thanked the Lord, That you haven’t got long ears, And carrots aren’t adored? Speaking of carrots, I’ve got a ginger friend. Have you ever met Northern Irish black belt, Who was born near Cardiff but swam well? Who’s learning Greek and Japanese, Give him fire and he’ll eat it with ease, He might wash your feet in a breeze, So when you meet him you're pleased, Because you'll leave with no cheese, And... If you wanna meet him, Give me a shout... I know the guy. And I know a girl, She’s Thai, She brought herself over here, But then God took over her. She was doing her Masters in my first year, But somehow found time to give me time, making life less of a blur. I’ve never met someone before, Who completely epitomises what love looks like, When it’s intrinsically linked to the way you live your life. And it’s because she was so close to Jesus, She saw us for how he see’s us, That we’re not just sinners, We’re just people, Who need love. So here in our multicultural society, These are some of the incredible cultures that we bring to the multi. And I’m not trying to be insulting, Or say that you’re faulty, Because everybody's culture is unique. Whether you live productive or destructive, That’s your culture, Whether it’s been constructed or abducted, That’s your culture, So embrace the good, the bad, And make the ugly beautiful, Because when every culture’s different, We’re all multicultural.",397,3,2,4,"The speaker shows moderate curiosity by sharing personal anecdotes and experiences with people from different cultures, such as learning about their names and traditions. However, they do not delve deeper into the 'why' or 'how' behind these cultural differences, as seen in the story about Jeen's name. The speaker's engagement with diverse individuals demonstrates a basic level of curiosity.","The speaker describes various cultural experiences and traditions but lacks in-depth analysis or critical evaluation of these differences. The narrative is more storytelling-oriented, with the speaker presenting their interactions without questioning or examining the underlying assumptions or potential biases. For instance, the speaker accepts the German-Canadian-Latin American individual's claims without scrutiny.","The speaker showcases original ideas and connections by weaving together diverse cultural experiences, personal anecdotes, and poetic language to convey a message of multiculturalism and acceptance. The use of metaphors, such as 'make the ugly beautiful,' and the creative storytelling style demonstrate a high level of creativity. The speaker's ability to find common ground and emphasize the importance of love and acceptance is also a novel approach."
TO5HjoK8Iu8,"John Holdren: Hello everyone. I'm John Holdren, President Obama's science and technology advisor. I wish I could be with you today for this celebration and personally congratulate you on the official opening of this extraordinary new facility. But while official duties are keeping me in Washington, I do want to give a big shout-out to NASA and to architect Bill McDonough and his team. You can all take great pride in this extremely green building, which I understand is designed to be the highest performing and most energy efficient building in the federal government. President Obama has noted that...quote...upgrading the energy efficiency of America's buildings is one of the fastest, easiest and cheapest ways to save money, cut down on harmful pollution and create good jobs right now...end of quote. And I know I'm speaking for him, as well as myself, when I say that it's great to see NASA taking that advice to heart, applying some of its most advanced technologies, right here on Earth, to create a building that achieves a platinum rating for environmentally sustainable construction. Sustainability Base at Ames will generate more electricity that it uses over the course of a year. It will use 90-percent less potable water than conventionally built buildings of equivalent size. Its maintenance costs will also drop, though the use of some of NASA's most advanced intelligent control technologies, originally developed for our nation's human and robotic space exploration missions. In short, this new building represents a better way of doing business for NASA, the federal government and the American people. NASA has long excelled at finding innovative ways to apply high-tech research and engineering breakthroughs to sustainability and environmentally-friendly practices on Earth. That commitment can be seen at Kennedy Space Center's environmentally-rich wildlife refuge. And it can be seen today, in this new energy-efficient facility. With today's opening, NASA has again proven, that advances in environmental science and building technology hold tremendous promise for the creation of a sustainable future in which ecological health, economic prosperity and quality of life are mutually reinforcing. So again, I want to congratulate all of you at NASA Ames Research Center for your commitment to moving us forward on the path toward environmental and economic sustainability. I'm proud of your progress, which conspicuously displays NASA's famous ""can-do"" spirit and points the way to a better quality of life on Planet Earth. Thank you.",399,2,3,2,"The speaker, John Holdren, demonstrates a low level of curiosity as he primarily presents information about the new facility without exploring deeper questions or implications. He does mention the application of NASA's technologies to sustainability, but this is more of a statement than an inquiry. There's no evidence of him seeking 'why' or 'how' in the transcript.","John Holdren exhibits competent critical thinking by identifying the pros of the new facility, such as its energy efficiency and reduced water usage. He also mentions the use of advanced technologies, showing an understanding of the logical structure behind the building's design. However, there's no clear analysis of potential biases, assumptions, or edge cases in the transcript.","The speech shows incremental creativity, as it discusses the adaptation of NASA's technologies for sustainability purposes, but this is more of a straightforward application rather than a novel idea. The speaker highlights the facility's achievements, such as the platinum rating, but doesn't introduce transformative or paradigm-shifting concepts. The ideas presented are largely based on existing technologies and principles."
