filename,audio_path,text,original_sentiment
245243_0,,,
128949_1,,,
2-4autDbHVQ_2,,,
SqAiJrvHXNA_3,,,
HLFaW4oVP9E_4,,,
YbuG8xyUO-o_5,,,
wd8VQ5E7o7o_6,,,
xmLJHru6Z1M_7,,,
QYp0lGhyL6A_8,,,
94ULum9MYX0_9,,,
9VZ4cpoTFbo_10,,,
laxadgca3Fo_11,,,
W1CWpktWtTs_12,,,
PyQrAYl1bFs_13,,,
xBE9YWYGjtk_14,,,
1J9Fa995Ojs_15,,,
hUBQrLjm4M4_16,,,
nKiC9sEP2vM_17,,,
H9BNzzxlscA_18,,,
sFLTjqVS7AE_19,,,
WovurMxG2Aw_20,,,
A2E78CGi5TU_21,,,
dJ5MXl66-UQ_22,,,
veA6ECsGFxI_23,,,
EJT25p7JahU_24,,,
QEG_hkJsaYc_25,,,
96099_26,,,
JDgqyOkzXHw_27,,,
rVG8gOAY0JE_28,,,
6c7vAwDSVGc_29,,,
110766_30,,,
oPvUDLhTrjI_31,,,
TO5HjoK8Iu8_32,,,
gAMbkJk6gnE_33,,,
2-EJz4RG4g4_34,,,
bAkUEnPoucg_35,,,
117tQqLjza4_36,,,
ChhZna-aBK4_37,,,
424SXFTCFsA_38,,,
-qMhGeJkp5o_39,,,
luQfWSfb1s0_40,,,
L2uC4_Co9uw_41,,,
209758_42,,,
VsXGwSZazwA_43,,,
z8bWG2z-bMM_44,,,
U2Ydtq6qvL0_45,,,
rf0yDSeVEUA_46,,,
Pt-D0LUHDSc_47,,,
IRSxo_XXArg_48,,,
KB73TD4xQ8Y_49,,,
g9rNhtFG9aU_50,,,
NG7QLq4XlWo_51,,,
uea5xJZygsc_52,,,
OKSx1zxHGpQ_53,,,
OUjzDchhkIA_54,,,
mMeGgB9-hSE_55,,,
HQ2LwfRcrVc_56,,,
OEesmAnTpeA_57,,,
PzI6yY9Y2xQ_58,,,
oDznO5w3v0U_59,,,
2RDubrUjI-k_60,,,
kKMfsWrigTE_61,,,
TfBVq9oWBmM_62,,,
XWIp0zH3qDM_63,,,
83400_64,,,
Rse6laKf1i8_65,,,
84176_66,,,
0JuRmhhgMw8_67,,,
Ea_Huc2-lwo_68,,,
bhPB19tr-JY_69,,,
JAbFsRxxnFo_70,,,
OwE-7MwzfYI_71,,,
lkIe41StoGI_72,,,
Rw2pzFGosmw_73,,,
60Qw70Rd9Yg_74,,,
fSOVk2cS-sY_75,,,
f-ZNjqLlrm4_76,,,
DzdPl68gV5o_77,,,
Nd55vByy2F8_78,,,
6-0bcijTR8k_79,,,
ytXVSpPfKwA_80,,,
iMss8xBhFiI_81,,,
5i6AgQSjXO4_82,,,
kCQqLNiO0mk_83,,,
HS-2vVP95u8_84,,,
_aZDaIfGfPo_85,,,
dOSyvhYsfFo_86,,,
19k6sEC7814_87,,,
MLegxOZBGUc_88,,,
WTF9xgqLIvI_89,,,
A6R6J8SJtBc_90,,,
7pZPQbMKGkY_91,,,
QMEgjkpyVzQ_92,,,
F1U26PLiXjM_93,,,
u6H0sVuY1ac_94,,,
Na6170hd8po_95,,,
125845_96,,,
mO4H5S_Q7aU_97,,,
X3p50qqFW_w_98,,,
84140_99,,,
216007_100,,,
cia8OM3Oe7Q_101,,,
FmIS69vB12I_102,,,
c_FJuhSte8Q_103,,,
78Ncka6CY70_104,,,
PANWQeBKStk_105,,,
amem5EmRG3s_106,,,
bQcJVJcpgAs_107,,,
NlrCjfHELLE_108,,,
4qjz4BQCZyM_109,,,
t2U7w3K2qac_110,,,
W-pA0lOGLR0_111,,,
7ifnoHhrMtA_112,,,
DdUJojoFU_c_113,,,
6brtMLkjjYk_114,,,
T1icdxz0TNs_115,,,
UgTM9y2rD38_116,,,
_v8c7iWkYz0_117,,,
2JY5HXBWO84_118,,,
y3r2kk8zvl0_119,,,
tRSPfPlNbMU_120,,,
MroQfGehC84_121,,,
1bzS0YF5hfs_122,,,
mjpCK2Edsv8_123,,,
W40BaML7mzc_124,,,
kcIGTPHEsNo_125,,,
PORCNDRKtko_126,,,
4cFeG2ydm9A_127,,,
jakiZQd4boM_128,,,
YUNxD04EvfE_129,,,
0AkGtPzl7D8_130,,,
Uc-0G7RRxoY_131,,,
Emi9cw9xa00_132,,,
0JaYazphxfM_133,,,
aE-X_QdDaqQ_134,,,
8VP1qxX9mh4_135,,,
Vuay0mVKkik_136,,,
1mHjMNZZvFo_137,,,
olcPEN9x5VY_138,,,
x-zGBp7axao_139,,,
cfX_iuhCbRY_140,,,
lO87-4Kf0cQ_141,,,
bBJ0BxmIocQ_142,,,
PtH_8O__EAY_143,,,
tkzdanzsA0A_144,,,
N2nCB34Am-E_145,,,
kzmaKnujN64_146,,,
267255_147,,,
ezuWKsxPRSM_148,,,
ngp7s5Wvde0_149,,,
zShw-E-yBqU_150,,,
rNXM3avNBKk_151,,,
xPN38lYBQv4_152,,,
252097_153,,,
jbJF3aphcP0_154,,,
sWsDAG6x9n0_155,,,
emtvrtk-jsU_156,,,
uQds2dN1AiM_157,,,
KXsjl0DKgL0_158,,,
74184_159,,,
qEkFReBuwxc_160,,,
kU6YY2z7z0I_161,,,
y5JdqGL5DRc_162,,,
iMG962Rj3Vw_163,,,
AggyS1coOb8_164,,,
I--8nRKCkJI_165,,,
xsiHAO0gq74_166,,,
cZVM4svwE90_167,,,
H9zVQlzit8Y_168,,,
vM3YB7LmMq4_169,,,
U6IqFbpM-VM_170,,,
ZJGzEeDXbyM_171,,,
RXcI6PK37lM_172,,,
VhKJm_jiciU_173,,,
136211_174,,,
kaudsLIvYC8_175,,,
5JMpMKAO-Mk_176,,,
13JpsLvddoY_177,,,
AKofHsmxa1I_178,,,
254427_179,,,
NYuY6HVjMZQ_180,,,
qjMyjLSORY4_181,,,
hfVXx8hfKak_182,,,
A0aE2Gzym-M_183,,,
MbpPBLUjpV4_184,,,
Wu-wQTmxRgo_185,,,
79356_186,,,
R9xTBw3MCWI_187,,,
DtwbwyfajnI_188,,,
avW2m6VHTyg_189,,,
jqutn5ou8_0_190,,,
R9ypacCuEZo_191,,,
bEXCrGIOoWU_192,,,
PmemTgQHagk_193,,,
Kpe5fISxRTg_194,,,
N3vSaV8Ztrg_195,,,
XlTYSOaZ_vM_196,,,
Op3CnqRLD9w_197,,,
ZXQkyX6prBQ_198,,,
kddCewAsxfA_199,,,
z-bupzylxEc_200,,,
AuPCZlKBzq8_201,,,
eUwbRLhV1vs_202,,,
4dV3slGSc60_203,,,
bD0FqMn1KXw_204,,,
6_ZT8beQXq8_205,,,
8x_nCOh6Wmc_206,,,
_26JmJnPKfM_207,,,
faXGVcVcVsE_208,,,
Sq6DIhFxPqQ_209,,,
kZfcQ4a0kx4_210,,,
p1zqEGwRMI8_211,,,
K62NK2KYhws_212,,,
CLkTjujFVKU_213,,,
jD3iIEsc_K4_214,,,
XXvSLz8QmGk_215,,,
67uKYi7mslE_216,,,
92291_217,,,
sIGAq2J4KKI_218,,,
HOCsiS0pmf0_219,,,
8YsIvz4qnk4_220,,,
-UuX1xuaiiE_221,,,
3aIQUQgawaI_222,,,
NSihgq4R8Z0_223,,,
lp9vkkimXqg_224,,,
fsBzpr4k3rY_225,,,
D1I-Z8jaby8_226,,,
Dm8AL84e11w_227,,,
4HazSkYihtw_228,,,
flGZteJUNYU_229,,,
BAi3ZJo5Vwg_230,,,
p5LEk2u8tXk_231,,,
ogGweZUAVtU_232,,,
o6Cd9RmqdBc_233,,,
B1B71X_SmwY_234,,,
Rdf0Psjyrwc_235,,,
88245_236,,,
83859_237,,,
QbJiphIpzYc_238,,,
33ueXDUn3mA_239,,,
QBc7X5jj8oA_240,,,
UiurP5k-f1A_241,,,
FGnHDWGYsA8_242,,,
CHh6hWo1AFE_243,,,
JKueLneBoik_244,,,
TUY83eDK5jc_245,,,
xjsaS-LeZ14_246,,,
56276_247,,,
KPeos6f4HuQ_248,,,
jZnFr-Mzj9M_249,,,
d1CDP6sMuLA_250,,,
255852_251,,,
VzDXgBOe5iI_252,,,
Sb6ftNgzz9M_253,,,
275620_254,,,
wrQVnClcNPM_255,,,
HXuRR2eBHHQ_256,,,
3w9I5SBhHNc_257,,,
x266rUJQC_8_258,,,
96o9hxy64wI_259,,,
zi0a6r52ZlY_260,,,
6Vg10LxmWUY_261,,,
9Un1O2ypJmI_262,,,
nmWplIQhvoA_263,,,
xobMRm5Vs44_264,,,
JlmpDdm1A1Y_265,,,
v2Rr-EsJda8_266,,,
_PJ26YwqRJE_267,,,
gC_wF3uKFW0_268,,,
3sUS8vXbRwg_269,,,
aFhT0px8AMw_270,,,
rePYTlT5_AY_271,,,
eOU_40p9RpA_272,,,
juI9KoLA87A_273,,,
190740_274,,,
CvW0Mh1EWFA_275,,,
IiX1k0oYW_w_276,,,
4wuug3-5cWo_277,,,
LUKIYWa0UGA_278,,,
A1lFJXUpxZo_279,,,
116213_280,,,
ZW4Oe_fKJM0_281,,,
-wMB_hJL-3o_282,,,
lKTeLK8nq8w_283,,,
vRhj2bLo1ho_284,,,
R-HKj8Yn06k_285,,,
vttEPA6Xffk_286,,,
234053_287,,,
fWOIAxzBQFY_288,,,
93839_289,,,
7ZzbemE4QEE_290,,,
225768_291,,,
EfQoSpEZa0o_292,,,
125895_293,,,
N0pKIn6VhOw_294,,,
FHDVQkU-nGI_295,,,
sU40irMa-so_296,,,
ySblgk7T7eQ_297,,,
fjE2EZKgQm8_298,,,
45676_299,,,
22821_300,,,
11UtTaDYgII_301,,,
7rMLN0KKE5k_302,,,
1knHBRVPoYQ_303,,,
OdKp0hYomgs_304,,,
lEsFI5YJGDo_305,,,
4hEWns7JBg0_306,,,
48BD8qjClfE_307,,,
e0hYEr848TE_308,,,
121400_309,,,
6TDXQtGUNEs_310,,,
272624_311,,,
1Gp4l-ZTCVk_312,,,
125676_313,,,
GxWLhv-Vt78_314,,,
3VsrcbjPwZY_315,,,
xk4C4p5vHDk_316,,,
221274_317,,,
IOpWjKAHG8Q_318,,,
2ze94yo2aPo_319,,,
29044_320,,,
M2Pb2kx77ww_321,,,
PGBrZLC15yA_322,,,
eFV7iFPYZB4_323,,,
jzNIU-w0MVo_324,,,
nbru7qLot04_325,,,
g8Cl74tS3oY_326,,,
cWN1bibicHc_327,,,
EoC83JhkCAw_328,,,
YcJ5RJYUr7Y_329,,,
245322_330,,,
pFh-SLxltms_331,,,
dbH51F5Zqi4_332,,,
qP4uuMI-JSk_333,,,
QNxiqu1y1N0_334,,,
VAXhC2U9-2A_335,,,
1LkYxsqRPZM_336,,,
Rb1uzHNcYcA_337,,,
bCDfIJ12oqM_338,,,
NKindd5Xn3s_339,,,
yHtR71rx16I_340,,,
T-8TvJcS78w_341,,,
N0Y7x_fJ0Nw_342,,,
_4PNh8dIILI_343,,,
CPjbogfLHR4_344,,,
QDRtKv8PvFs_345,,,
fTKe7E_4OCQ_346,,,
x7ZR70cTa84_347,,,
270956_348,,,
252912_349,,,
SO53x_pbou8_350,,,
70420_351,,,
iYtD_ArCdKw_352,,,
CL4hDu95Eqw_353,,,
nyzIL6YAonY_354,,,
XyP8bVmGX6M_355,,,
h1ZZHUU4j0k_356,,,
wC_1M7KIv9s_357,,,
3UOqbf_B_Yc_358,,,
icIS9VfbzMw_359,,,
IKXWSNf4m2k_360,,,
hlBOP5NskhM_361,,,
mQTaEIrNxnQ_362,,,
100499_363,,,
f47bnEUrOvA_364,,,
qTkazqluJ_I_365,,,
BNaRO9g8ugQ_366,,,
RLHZ6xtIWSM_367,,,
ZfQYEa2fHGo_368,,,
npIVLL_fTf0_369,,,
AxNy9TeTLq8_370,,,
52068_371,,,
SZ7HK5ns6mE_372,,,
HQ9NnDQcxD4_373,,,
jEQoBvc7V1o_374,,,
Rt9rN1ntS3E_375,,,
mrQIrm6hYMQ_376,,,
2W-U94hXuK0_377,,,
6qmReTSoz0E_378,,,
c7xUcM68IFE_379,,,
93iGT5oueTA_380,,,
270444_381,,,
4WTVL5bNybU_382,,,
3u_Joh0WJdw_383,,,
iceSGs0MXaA_384,,,
7wiaDbpiAQ8_385,,,
8x81fzwcJko_386,,,
298774_387,,,
io85pRFj_dw_388,,,
E0g6nae4Ae4_389,,,
GeSTiDe1hG0_390,,,
WygyVNL_qdE_391,,,
2LpVvLemgvw_392,,,
XadAy93f1P8_393,,,
MKShLlJ7X7g_394,,,
F6JV-K840EY_395,,,
k4T6GaDrcjs_396,,,
izFBeXMTgds_397,,,
BB_VwJSg3AI_398,,,
JCg26b8EO48_399,,,
209354_400,,,
cZDAM6NjBzE_401,,,
0PlQc98SccA_402,,,
LX2rT5C3sJs_403,,,
ePiz4zU6crI_404,,,
8XZszYrUSCQ_405,,,
E8MuzHUhUHk_406,,,
37117_407,,,
8UH0aPUf7sQ_408,,,
5HjbZAbB-Lg_409,,,
7f3ndBCx_JE_410,,,
1pl2FVdQWj0_411,,,
QXPOQW2tRBs_412,,,
ZmAIDJ_gcXM_413,,,
9QI-9w_VdB4_414,,,
LppEvM60-xo_415,,,
pAclBdj20ZU_416,,,
F8KE2ZhoUe4_417,,,
mzAu5gxjE-w_418,,,
bfy28AlY-TQ_419,,,
eREud0qYR3s_420,,,
F2hc2FLOdhI_421,,,
WbtsuXkaGeg_422,,,
zj4PzGtFwJM_423,,,
kI6jzM_aLGs_424,,,
-THoVjtIkeU_425,,,
UlTJmndbGHM_426,,,
vGkIaClHKDg_427,,,
P35dyIit1yM_428,,,
130149_429,,,
xAApNMTj3as_430,,,
o2XbNJDpOlc_431,,,
_UNQDdiAbWI_432,,,
sC1NvtirijU_433,,,
VoETCD8fBLI_434,,,
TUzD45ghy4k_435,,,
zjYEBwXGD8I_436,,,
70710_437,,,
nFTo-Lz4Fr8_438,,,
OOh1_ffKOKk_439,,,
97095_440,,,
RmX9t_HY_dU_441,,,
vU0a4F36Ksw_442,,,
6G8JJ69aN6o_443,,,
E05bA058vts_444,,,
gpn71-aKWwQ_445,,,
72tXTrSXoMk_446,,,
sPxoGNvnVzg_447,,,
qJZlp9uxoTU_448,,,
90172_449,,,
hlYDicOj2m0_450,,,
N-NnCI6U52c_451,,,
uogwnZGb-iE_452,,,
RvmTZVNAAuQ_453,,,
gjEYmdWrBLM_454,,,
An8x4UfwZ7k_455,,,
7eJqqvvziQo_456,,,
KYQTwFVBzME_457,,,
vM9AH4EqCaA_458,,,
1S6ji_d4OLI_459,,,
y8HXGm1-Ecw_460,,,
RTzDzj4NxIM_461,,,
8Cp8c-eQELQ_462,,,
245497_463,,,
gfHrSg3BwiQ_464,,,
dEBug0QYayY_465,,,
DNzA2UIkRZk_466,,,
CJGuudyvA0Y_467,,,
LHC7ZKJy4Zw_468,,,
MCsvw5-7lVE_469,,,
9-EO2oCAGA4_470,,,
nhD9WSEIspQ_471,,,
_gr7o5ynhnw_472,,,
1ESU5ONMMxs_473,,,
YsMM_1R1vtw_474,,,
255338_475,,,
OyK86reBnJE_476,,,
UcINGGuysBE_477,,,
hytnfm-AVaA_478,,,
140293_479,,,
wLJohZMqR-g_480,,,
Q7nhtfkIPN4_481,,,
221153_482,,,
TXCXFYIc3Yo_483,,,
2ahFSMFvs_c_484,,,
RChkXDS8ulE_485,,,
IawsOlEKRf0_486,,,
8VB6pdJTpX4_487,,,
po5jCjnxW1w_488,,,
V27mmEkN80g_489,,,
N0d2JL7JC1s_490,,,
Wn8nz8GPKkI_491,,,
jYT3-RQFy1U_492,,,
pu1C7tmYHxI_493,,,
4wdeBJ39Cuw_494,,,
ussfmzwftQ8_495,,,
DR65no1jCbg_496,,,
1olbQVO_C-8_497,,,
DnBHq5I52LM_498,,,
aZjCq_hv2Pk_499,,,
Bpy61RdLAvo_500,,,
25271_501,,,
Q7OvlYjNt9w_502,,,
Wmhif6hmPTQ_503,,,
w44JDB1NmqM_504,,,
1k7br8xXMSU_505,,,
41381_506,,,
Iemw8vqt-54_507,,,
WJ2QF4Kw9Y8_508,,,
mL2v-sODUZ8_509,,,
Xx7Y2YIbleA_510,,,
fhADeWE5VgU_511,,,
wtCKzu8eVJ0_512,,,
248837_513,,,
wQkNqbrAlB4_514,,,
y-nEcwAyQos_515,,,
cHBRDdSXLtU_516,,,
273531_517,,,
z0y1ZxH1f74_518,,,
ZDz8Qr-sJ3E_519,,,
254298_520,,,
yDIFWzOBjXc_521,,,
-aqamKhZ1Ec_522,,,
iQDB_OkAQWs_523,,,
8TDAP0KNIIw_524,,,
dHk--ExZbHs_525,,,
JGZb_ygtB0g_526,,,
zR-kKDaSDmE_527,,,
0uftSGdwo0Q_528,,,
ET1cU5_A2YM_529,,,
EEUGfVTyTQM_530,,,
SI39azgVUR8_531,,,
uTWeng4h5eM_532,,,
mN1Z5xEOy10_533,,,
qlDT-bmIzQI_534,,,
Sb2xMPwNKPo_535,,,
3n44IP3tCVE_536,,,
5VKMctXBN9M_537,,,
WQFRctNL8AA_538,,,
-Alixo7euuU_539,,,
E1r0FrFyNTw_540,,,
260011_541,,,
oO61Ma17tRA_542,,,
LL02UFLfQKo_543,,,
Jg2okZn6Ut8_544,,,
MtIklGnIMGo_545,,,
jPf0LjZAS14_546,,,
iH04VOkbof0_547,,,
qo2reupzUE0_548,,,
I5cS_TlV5B8_549,,,
238889_550,,,
fi7g4GoK-z4_551,,,
J_DtcW86D9c_552,,,
K_K3wpxkRc8_553,,,
214095_554,,,
fcxbB7ybUfs_555,,,
0r8KVXUCV6c_556,,,
227426_557,,,
JdFaSggG58c_558,,,
Dq7V30WhOJQ_559,,,
129733_560,,,
236021_561,,,
PbyI-sUzLZY_562,,,
QUpI5kMw_nA_563,,,
kh6eynD9OIk_564,,,
53742_565,,,
UtjenieM1Ak_566,,,
PRZ4VhESz1A_567,,,
vR90Pdx9wxs_568,,,
3HRnhUin-5g_569,,,
225770_570,,,
_KGd7IpX3B4_571,,,
1HK7Nea0PFo_572,,,
ex-dKshlXoY_573,,,
HObh42PhOfw_574,,,
112509_575,,,
wO8fUOC4OSE_576,,,
S6S2XL0-ZpM_577,,,
-NFrJFQijFE_578,,,
708sewcSXVY_579,,,
v1GKBjohgHc_580,,,
ixZAEncExWI_581,,,
5kaCGzjYukM_582,,,
b86B3hP8ARM_583,,,
b_SffSbPVJM_584,,,
8X5tGQLBqPo_585,,,
94481_586,,,
270416_587,,,
K9faaGel838_588,,,
KQ86HmgwUns_589,,,
9cYNT_YSo8o_590,,,
uITHY4LORDs_591,,,
Ta_IgA3XJ3s_592,,,
FphtHpVV-7w_593,,,
126831_594,,,
b1LEcg6z66g_595,,,
3FpmKxZgihw_596,,,
OFia3dWgaoI_597,,,
1rVly2oeBJg_598,,,
DpZGnuj-BA8_599,,,
ahG9c_uaf8s_600,,,
KUVGWCTT5DU_601,,,
owT0_Xfu8a0_602,,,
ptgBkE_e5js_603,,,
xvnFF0FiyS4_604,,,
54CM1_GA-uw_605,,,
0EphpADwdPg_606,,,
MCRCXXPqFOI_607,,,
79935_608,,,
Drhrzj1yhVs_609,,,
fGYbbP8RDLQ_610,,,
3IUVpwx23cY_611,,,
261326_612,,,
1W38PnuWIkM_613,,,
snVkfJKvjwk_614,,,
l-nM_U1qpko_615,,,
Zvisaa77Cng_616,,,
HMRqR-P68Ws_617,,,
Emjv2cDzW1E_618,,,
-rxZxtG0xmY_619,,,
Gg9ZcRlwnbc_620,,,
jhb6SV2dQzg_621,,,
CzstrpOTtgo_622,,,
219775_623,,,
83310_624,,,
S_mxvk4LEh0_625,,,
0bxhZ-LIfZY_626,,,
L1eFHRQGFeg_627,,,
87400_628,,,
tL8RzwWSmAE_629,,,
NVLPURuAVLU_630,,,
g8NBNtY3cpU_631,,,
9cxlcpbmrH0_632,,,
SBFnCNzlynQ_633,,,
Oj3XwBBrzXc_634,,,
u9ZV8jb_-U0_635,,,
MMpo2bDk-DU_636,,,
werKCgZ5dFE_637,,,
RVC8l5hf2Eg_638,,,
FaHosBIr0xY_639,,,
yZWH2P-h0jo_640,,,
FR0B64ID-hA_641,,,
v2DFe9X-jCY_642,,,
JYdfUNjyYxo_643,,,
pfCPogxnUfw_644,,,
yOQHOiswVjc_645,,,
PEBwwe0PLZ8_646,,,
pRdxEaLB8r4_647,,,
VwGPIUNayKM_648,,,
2iukwQJjGHE_649,,,
3ZmLhK_YHl8_650,,,
qpht9L3s9G4_651,,,
96361_652,,,
HIsJqphLCyw_653,,,
w4xIyGs-3wc_654,,,
-RfYyzHpjk4_655,,,
272838_656,,,
huzEsVEJPaY_657,,,
SxbTZjZD0vU_658,,,
grePRQ8zonA_659,,,
SKTyBOhDX6U_660,,,
kjQAkrdbREk_661,,,
BBoe8-HWPSw_662,,,
6ZA8I83x-oY_663,,,
l4oMbKDuW3Y_664,,,
128763_665,,,
127539_666,,,
24202_667,,,
8jY_RhOS89o_668,,,
eTn2P4wmFr4_669,,,
pSxte-ms0t8_670,,,
226601_671,,,
-cEhr0cQcDM_672,,,
hCFV5VLgS0A_673,,,
lwL4hjhkid4_674,,,
aMtFBGh2wKI_675,,,
IB0lGIxP8YY_676,,,
QXXexH-ow_k_677,,,
XwOdPYlyqXA_678,,,
kvUb78Rdzdc_679,,,
fTNOAssiTYk_680,,,
99501_681,,,
ak7N0BqMluI_682,,,
YjNYBBs1AZw_683,,,
266396_684,,,
ZznoGQVwTtw_685,,,
QLEOYF7Mju0_686,,,
_MGd6t9eZP8_687,,,
257277_688,,,
0EAAfLCQabY_689,,,
-m9KtvCk_L8_690,,,
oWAyEzyp2xQ_691,,,
jVayR0VClxQ_692,,,
JHJOK6cdW-0_693,,,
KZzFCrEyKF0_694,,,
Ry2NJPd4N3s_695,,,
y9FyTEyGy5Y_696,,,
5qQs9Cfydo4_697,,,
qBanrqkzobg_698,,,
101851_699,,,
FB_b1dm0SRY_700,,,
dxsPkcG-Q30_701,,,
-ZgjBOA1Yhw_702,,,
03X1FwF6udc_703,,,
K_5u2Wh_wGk_704,,,
EmmuWoCUgXs_705,,,
sfaWfZ2-4c0_706,,,
y5Jpf48SUX8_707,,,
O4UkHVJlIs8_708,,,
267278_709,,,
OFBc3z99bIc_710,,,
SCXp4l0CO4s_711,,,
gU7McujYYPY_712,,,
HAid0IEUoFQ_713,,,
CqFt3_uka14_714,,,
BmDybDBTe7o_715,,,
LFOwCSiGOvw_716,,,
276217_717,,,
ULkFbie8g-I_718,,,
oW1OEsP7Dds_719,,,
tXQQ0joMq1Q_720,,,
24351_721,,,
MFXQH7ZlBJI_722,,,
CwF97vXPYX4_723,,,
NCJTV5KaJJc_724,,,
ouhCx4TgHlE_725,,,
A8plGi4rbxM_726,,,
21638_727,,,
_2u0MkRqpjA_728,,,
-lzEya4AM_4_729,,,
3B1zIUj-k3o_730,,,
QpchvHpGFc8_731,,,
eJwZfdtlks8_732,,,
FcAgbLF6__s_733,,,
37NMbnd7r20_734,,,
mfpR4CN9LZo_735,,,
sLaTZtL0ZIk_736,,,
128258_737,,,
6qPjYvdZiLA_738,,,
ydzNAuqUAnc_739,,,
RadU51t1kL0_740,,,
Vv2DTPyyw90_741,,,
zU2_X9lIcUM_742,,,
243341_743,,,
236442_744,,,
2QXHdu2zlQY_745,,,
hI7ObFqn9Bg_746,,,
x8UZQkN52o4_747,,,
256174_748,,,
238100_749,,,
qyJiDgtj6YE_750,,,
255226_751,,,
76124_752,,,
-UUCSKoHeMA_753,,,
aqmRPNfeOy8_754,,,
25t8nrkUfRY_755,,,
H4w9mU8B3Mc_756,,,
EO_5o9Gup6g_757,,,
qgC8_emxSIU_758,,,
VWik5oKP6IU_759,,,
G4HMKRdIva0_760,,,
qlDiE1d45Bc_761,,,
131650_762,,,
ZZzdvUdOTww_763,,,
-6rXp3zJ3kc_764,,,
-qDkUB0GgYY_765,,,
b-FX9NOVQOM_766,,,
Ceu9AkIjuLY_767,,,
271594_768,,,
erNDEjQeox8_769,,,
RB3HA-ZMtFw_770,,,
rwNlqh0k1j4_771,,,
jj8aSNPHMw8_772,,,
4o4ilPK9rl8_773,,,
102184_774,,,
fsd1qPLA3kY_775,,,
mjQfQx2K__8_776,,,
zURYO3k8lW0_777,,,
q-0gu48ClF4_778,,,
ItnyexqXR_U_779,,,
omBcvw7izuM_780,,,
1YEgMQ1xxzQ_781,,,
rwe-hBNpzH8_782,,,
Gbg8qiKQkhM_783,,,
Tpdqfpuumg4_784,,,
9TAGpMywQyE_785,,,
eE8Qr9fOvVA_786,,,
240915_787,,,
vI5JH0daNsM_788,,,
Oa2xVjzAMFc_789,,,
ygb8Cfxghbs_790,,,
6J_yzh1LNAE_791,,,
283495_792,,,
23YlZoucbyM_793,,,
yyToAEoUuek_794,,,
SZRxuS6fn9s_795,,,
OLP0nCKwU6k_796,,,
259260_797,,,
266791_798,,,
u8ViR4L2cVk_799,,,
Zr3psuFQoDY_800,,,
xU3N7ujUB-g_801,,,
6IUj6jyoTl0_802,,,
wosolsrH3sM_803,,,
XgT2WWcXip4_804,,,
5RVF_3YBUVI_805,,,
cl1DNRGX578_806,,,
pVzHaakhKAw_807,,,
5eA5HpyFsIk_808,,,
S9PDgK7fpJI_809,,,
dEXSb0CfodU_810,,,
273250_811,,,
251826_812,,,
qK77ZmbqmOM_813,,,
0W4WsjhDgUI_814,,,
OXsTIPdytiw_815,,,
j1m6ctAgjsM_816,,,
107551_817,,,
_1nvuNk7EFY_818,,,
aiJg0jtIHOM_819,,,
21Kxt5L9OBE_820,,,
KSyX-lejDcc_821,,,
TtAyUQtmTLk_822,,,
xyOa9ivNrg4_823,,,
JSlTJsUulH0_824,,,
rvQ2cRnroOU_825,,,
ooAF6I-fmTg_826,,,
i5of7ZTkyfw_827,,,
112903_828,,,
L8VjQM9HQfs_829,,,
Dnhxm6sHQpc_830,,,
qCUg4ek1PPE_831,,,
9pzn93kdP_g_832,,,
202810_833,,,
lzVA--tIse0_834,,,
TLPlduck5II_835,,,
TWszOxkOV0w_836,,,
wvMA0r3esw8_837,,,
K1VeXZxR24U_838,,,
YgyeyooSz0g_839,,,
o8OZGBDPD8M_840,,,
mjYeEikLR8I_841,,,
_K0okiLaF9I_842,,,
110203_843,,,
_WkXQNVLQXs_844,,,
206585_845,,,
130366_846,,,
4AQC7_uCuEE_847,,,
b8xmgi4VV0M_848,,,
T-vqHR989bM_849,,,
mOnyMWhb5Ac_850,,,
220200_851,,,
PwapK9d8IGk_852,,,
112631_853,,,
102168_854,,,
CO2YoTZbUr0_855,,,
237363_856,,,
mKP6TVuixWg_857,,,
wHQYmMZzyJY_858,,,
2Zx4huY-KN8_859,,,
8eaYvALnJ0o_860,,,
vop7tN_K64I_861,,,
110565_862,,,
MyDLelMxt-A_863,,,
xTBBDx3DkXQ_864,,,
FmE9BtTmxnE_865,,,
-aNfi7CP8vM_866,,,
4iw1jTY-X3A_867,,,
206051_868,,,
0cBmQ_ItVUc_869,,,
taCchyi5h68_870,,,
esR-tOjT6KM_871,,,
-UacrmKiTn4_872,,,
l1jW3OMXUzs_873,,,
iR1Os7FVGHs_874,,,
233171_875,,,
45184_876,,,
Zae-zQ3VBpY_877,,,
QxU625Hn370_878,,,
126872_879,,,
We5nTulz1Vs_880,,,
EyoMU2yoJPY_881,,,
113265_882,,,
-dxfTGcXJoc_883,,,
s1Yo_MCiMPc_884,,,
3ocpWAmSNUE_885,,,
139032_886,,,
AGFgaKPzjMQ_887,,,
uU_3tbZ1zG8_888,,,
4oeKDFIaL7o_889,,,
4EEru3cZwXo_890,,,
EEjCkc82oyk_891,,,
D-DqVICJXBU_892,,,
80866_893,,,
h4LrwMn94ss_894,,,
iEOBNT0HFtU_895,,,
YWxvIFmYnNU_896,,,
H-AJ-grXvgQ_897,,,
HetCe0lLacc_898,,,
r8OPmbZZlpE_899,,,
7U_z0JfleAw_900,,,
gJdSxPhf85M_901,,,
238023_902,,,
GlShH_ua_GU_903,,,
BnWvk0YRgE4_904,,,
hqzF4IDaIYE_905,,,
dLmtsRyRH4s_906,,,
cM1Zuji24dI_907,,,
45175_908,,,
v_8QeoNc4QY_909,,,
83_N43pvgHI_910,,,
2QOf2wSu0j0_911,,,
9Jyr5laC8mg_912,,,
ewBrNsyY82Q_913,,,
kDyK9VGfLW8_914,,,
267799_915,,,
zsRTbbKlsEg_916,,,
BRdw-_dbJXc_917,,,
WAXJRnJXmOA_918,,,
GMa0cIAltnw_919,,,
JkHxzOWOLfs_920,,,
243981_921,,,
YCEllKyaCrc_922,,,
HVksxaUzv9Y_923,,,
O2ShYliS3CU_924,,,
53609_925,,,
ULtBuI6nMaY_926,,,
XFGHTk_3hGg_927,,,
OcqJx_cRc3Y_928,,,
efLrpnuLwyU_929,,,
kx544gnOZB0_930,,,
bI3DTH2yTbM_931,,,
OiMkqEH5WeE_932,,,
KrmVX-HANew_933,,,
ieWQdiQAh4M_934,,,
qvIhzmujTi8_935,,,
136205_936,,,
GJyzeK-Cn-0_937,,,
75938_938,,,
s0PUurm1ONo_939,,,
NOGhjdK-rDI_940,,,
UjT8pHMN8Q8_941,,,
Yn8vNC41UMg_942,,,
22689_943,,,
45c3QQzGakM_944,,,
u94VPxEIJPg_945,,,
pIMByitigYI_946,,,
-dZ1TCboxcQ_947,,,
omHQ68k50XY_948,,,
ipLoS44xfO4_949,,,
kj63uF0RhW8_950,,,
AHU3PUztC_M_951,,,
96179_952,,,
DGeBPk1op3E_953,,,
k8NgVOCDYKM_954,,,
Es9MkKsMsjU_955,,,
nXWNHVZtV9A_956,,,
-mqbVkbCndg_957,,,
oBS-IW-BO00_958,,,
3At-BKm9eYk_959,,,
_t8ETpf2LnM_960,,,
JP95Fby6qLE_961,,,
JW3OfSCZlhc_962,,,
mpfSRGHFY0g_963,,,
tNd3--lvSXE_964,,,
S21ApRNQ9Ko_965,,,
lYwgLa4R5XQ_966,,,
bJI7-LnKPH4_967,,,
d38u9n5GOLM_968,,,
cX8FScpsfLE_969,,,
wLrgvSYLPUI_970,,,
mLW-jn67gRE_971,,,
HhpziYYP2Vg_972,,,
46497_973,,,
G8p4QMjLUXI_974,,,
96350_975,,,
OAV6KKf60bQ_976,,,
Baz0VVQ-E9E_977,,,
n5J1ZkGUGnU_978,,,
5wpCKY2U1NE_979,,,
L5a2ijeWpUI_980,,,
yxZydS2qHzs_981,,,
4GYfmpEEtl4_982,,,
48u68AzcWvE_983,,,
ossKC1VrusE_984,,,
4Fw9TbWIVJI_985,,,
3Wi0if_L6Ug_986,,,
ehZrOdw6PhA_987,,,
2w7rpDe-HoA_988,,,
eaXDCknxPrU_989,,,
Bg-PA5KTjNs_990,,,
VUrTT7xsrec_991,,,
jUKH63mltLE_992,,,
RaTQZrdICKo_993,,,
fWAKek8jA5M_994,,,
ZdX9sUd3bAI_995,,,
RRKez9BR-94_996,,,
F9NruwaEmA8_997,,,
0WIwQgH4lKg_998,,,
YB9EUgrzCCo_999,,,
eY64P27khzk_1000,,,
gEgcpVY8WK4_1001,,,
lilHOUfWrIA_1002,,,
pC0zFF8CXXk_1003,,,
6hFiTU77Sm0_1004,,,
qYC3gN1AkOA_1005,,,
rexJoy4RMdY_1006,,,
ueCWy7aTmyo_1007,,,
N4WOBzpZtWM_1008,,,
CuF-UOcAFG8_1009,,,
TBwetweXRb4_1010,,,
5YnYGjrhzF4_1011,,,
XDVkhOziCkg_1012,,,
N0GhVkCwrqw_1013,,,
ZbVa-a2tNFM_1014,,,
3OuNMjZo5wg_1015,,,
NocexkPXja8_1016,,,
Z7L3V5bwzI0_1017,,,
1dWsw38VDjY_1018,,,
7UlSX-syPeo_1019,,,
TWf0XFpXwfs_1020,,,
qdeQg5dZb2E_1021,,,
EK2bnbzmJs4_1022,,,
F8eQI8E-6q4_1023,,,
18JTkk8JbeU_1024,,,
C864zaWmEd0_1025,,,
NkbRuTJaj_M_1026,,,
w-PFjo89Dpw_1027,,,
g99kISQbyuI_1028,,,
367506_1029,,,
xXGEkDhu94E_1030,,,
fbSxct2JcKU_1031,,,
-IqSFQePnpU_1032,,,
gr8mzv2xZ2s_1033,,,
fiXZqpbRYKk_1034,,,
MyfRrTjglm8_1035,,,
FxxJB8hBpyQ_1036,,,
dlE05KC95uk_1037,,,
8lfS97s2AKc_1038,,,
ExDLNkDVsxY_1039,,,
x9E8yaFCX0Y_1040,,,
6gtfeIqGasE_1041,,,
5vwXp27bCLw_1042,,,
gR4gM_WXesQ_1043,,,
STeqtJLakQQ_1044,,,
SH0wXyhsx9s_1045,,,
TNwwVWA-oAE_1046,,,
EWYivXUavOY_1047,,,
YITXOmhQhYE_1048,,,
TqMh7U3J4D4_1049,,,
etPDgRjrnJ8_1050,,,
ysGFcG_PI5I_1051,,,
ooGB4BLK9PM_1052,,,
GMjQUrlMa50_1053,,,
Xo6-V2RlWss_1054,,,
rLHJ_ebXCHQ_1055,,,
LQnXVd-PR_Y_1056,,,
Q7S0tX4FUNA_1057,,,
C8Fhlk-eczU_1058,,,
fdK_tsvBXJ8_1059,,,
gRAmIaSlm80_1060,,,
jlCFLG6rKKY_1061,,,
MOfEl_1dh-g_1062,,,
zOHZDq2BvGo_1063,,,
oH9fMma8jiQ_1064,,,
fz-MzQcOBwQ_1065,,,
bNQkb4K5DX0_1066,,,
J3-NEG8uoiE_1067,,,
1HS2HcN2LDo_1068,,,
gFAOKuqpUq4_1069,,,
130426_1070,,,
tnhRxo-g3Xw_1071,,,
HAnQVHOd3hg_1072,,,
CKqDDh50gcU_1073,,,
SSNrLu-eZiM_1074,,,
RvIohowRPAk_1075,,,
CIqRibqChDQ_1076,,,
GKsjv42t284_1077,,,
210433_1078,,,
FqEekswKPWE_1079,,,
PboaYD5hlG8_1080,,,
mgsvwAVQAQo_1081,,,
dZolFNqR-hA_1082,,,
WMzvDL7b4sM_1083,,,
TM7cHOHfF70_1084,,,
rz4Ax6xfZHQ_1085,,,
s1tVE8g6JBc_1086,,,
VS7xSvno7NA_1087,,,
275248_1088,,,
3lkn8MS3n8Q_1089,,,
Kmtib-wZ0jM_1090,,,
qJBQH14qtHc_1091,,,
jFpRdhl3fgw_1092,,,
49358_1093,,,
Q2uHXKA8cq8_1094,,,
slz8pd0Wzxs_1095,,,
kRs39SO-neY_1096,,,
oNnoN0bxVnA_1097,,,
soqnBdPOwoo_1098,,,
MmJD4KBT0nk_1099,,,
J7UduuBfnrE_1100,,,
bnzVR2ETQQ8_1101,,,
HGicRLwgtkM_1102,,,
zJWmmDk9fCE_1103,,,
KD0w4BrNXQg_1104,,,
GpRDC-S88dM_1105,,,
VDjnKdFxuBE_1106,,,
5XX0csik6VQ_1107,,,
JYsAacFmXEo_1108,,,
xw-Blnej8EA_1109,,,
hF6kFQPdBjY_1110,,,
CuFLRnu4FQ8_1111,,,
wHeZHLv9wGI_1112,,,
06st0Ez_E_I_1113,,,
Hkt_kncJGVM_1114,,,
qmMSumMloAs_1115,,,
hIQhkTjNaQc_1116,,,
r_vjlTcrI-U_1117,,,
afDJvn5nmtY_1118,,,
ZcFzcd4ZoMg_1119,,,
fPsy1co_nuw_1120,,,
Uw1nWfSuyo8_1121,,,
R7IkQVUuLew_1122,,,
fnFoRPqkQeo_1123,,,
zqkawTdHN5s_1124,,,
55T4QNcdpOk_1125,,,
PtdK-TLOuD0_1126,,,
bh4_Kd4hhd4_1127,,,
43456_1128,,,
Wfn7XvSEwUA_1129,,,
a4vRa-_nuJw_1130,,,
R8leu0tEJ4o_1131,,,
jZe-2w7pkd8_1132,,,
6TKaGMkO69E_1133,,,
CbRexsp1HKw_1134,,,
cKldvZeyRDA_1135,,,
x2n19Cn96aw_1136,,,
XVWiAArXYpE_1137,,,
lTfsqoo-jKg_1138,,,
vHzbn_YW76s_1139,,,
262165_1140,,,
4t5k_yILGJM_1141,,,
9kLNVTm3Z90_1142,,,
2ItiGjefTRA_1143,,,
jFNgOznarMo_1144,,,
kmAisuAFckw_1145,,,
yG3wpvLUQcg_1146,,,
4lKz4xyCmkk_1147,,,
wxxqXK9x-64_1148,,,
245276_1149,,,
nF0AMbTH4VM_1150,,,
Qe4AT670hq4_1151,,,
bMuoPr5-Yt4_1152,,,
nDXKvarLEOM_1153,,,
jgNu58Da9cs_1154,,,
QCR7uyowjhM_1155,,,
0YiAKqU36KE_1156,,,
LyOq9mOEPuk_1157,,,
98187_1158,,,
aEaM_LOI-BM_1159,,,
kqXpf26EL-s_1160,,,
271366_1161,,,
28006_1162,,,
244817_1163,,,
89787_1164,,,
FX-YgVKC1AI_1165,,,
OORklkFql3k_1166,,,
kmgsC68hIL8_1167,,,
Y6s_vuUUsJM_1168,,,
iFj9wJaJSPE_1169,,,
UmB5c_QqUPs_1170,,,
-KCahx2qBOI_1171,,,
Fy0Uid9afM8_1172,,,
51224_1173,,,
92496_1174,,,
46604_1175,,,
4Ry6M_ZfJQc_1176,,,
qEuJj4uW93E_1177,,,
VN1IPN1TL3Q_1178,,,
Q8naC1qriIU_1179,,,
9f6A3ucYArQ_1180,,,
270665_1181,,,
kKkZihSbxF4_1182,,,
91276_1183,,,
3OMgvtWNHp4_1184,,,
XEZ7e4pf1xE_1185,,,
VVZLA2neYyw_1186,,,
f5k5cF80aUE_1187,,,
AmGocfFQfVE_1188,,,
663uRzFOfrg_1189,,,
YAYfMkxhRiQ_1190,,,
ttfaZ8IIWCo_1191,,,
d-Uw_uZyUys_1192,,,
225416_1193,,,
73449_1194,,,
VwvptdTkwEE_1195,,,
pOrk7fl1AYo_1196,,,
MsjnLoTKAXo_1197,,,
S8yP6lBOdKo_1198,,,
Z-26eyME6Co_1199,,,
FHlzZ2VxuGQ_1200,,,
0eTibWQdO5M_1201,,,
XQOUZhWI1B0_1202,,,
YQUutkMdLj0_1203,,,
BgXqrxum5G4_1204,,,
88791_1205,,,
7vJy1zbopJ8_1206,,,
dEDbm2ubVRQ_1207,,,
130448_1208,,,
9XCmrHbU-rU_1209,,,
SD6wphlw72U_1210,,,
YLK58srjhNI_1211,,,
maO6KmmgcB8_1212,,,
q4hP2j7oewo_1213,,,
193291_1214,,,
265959_1215,,,
sPremsknoLM_1216,,,
0Xs8wJrAmxs_1217,,,
273237_1218,,,
8P0zm2oYDyY_1219,,,
UiPmjKggv1s_1220,,,
lkeVfgI0eEk_1221,,,
107585_1222,,,
cS3BDGNDu_8_1223,,,
qDfSYz0PX9g_1224,,,
mSWwz7dXUP8_1225,,,
FRKwvmrwrZA_1226,,,
C74-of1rjg4_1227,,,
sRMdbZVjhis_1228,,,
A4dzxgHDhF0_1229,,,
dqragS38hCk_1230,,,
MBDZbACupsc_1231,,,
xge9aYTxxOA_1232,,,
WgI8IbJtXHw_1233,,,
ssH8WQF4eN0_1234,,,
aDvgbBqTWWE_1235,,,
92tWNUhG9DY_1236,,,
Jz1oMq6l-ZM_1237,,,
a8UMRrUjavI_1238,,,
AsrhHuCfvF4_1239,,,
YmGfjU5PGyE_1240,,,
uacdDoBtT1k_1241,,,
q9yDL81QppI_1242,,,
IIPYcCii7Sg_1243,,,
V7OFSHYcQD0_1244,,,
6_k3cw9_k-Y_1245,,,
wLj_gnNON7A_1246,,,
KanWhGY33Hk_1247,,,
NVlxq3jxlAk_1248,,,
pVs1daijYTw_1249,,,
89ZmOPOilu4_1250,,,
5lrDS7LluCA_1251,,,
jZTe5cbwwEE_1252,,,
t7a3zECpT4k_1253,,,
-VmheDA92mM_1254,,,
DfTMoqwMHVE_1255,,,
2f6ZHqJ76EU_1256,,,
-tANM6ETl_M_1257,,,
46495_1258,,,
i6UngvEEuNs_1259,,,
dYyg91d7zjY_1260,,,
lpF-yBYou0s_1261,,,
YVBsDJtAbk4_1262,,,
UuR4Rw38v_U_1263,,,
oyHKiX5YGDE_1264,,,
zWfDRPy4lXQ_1265,,,
2PgJok07td4_1266,,,
T4e4Ba1sRg0_1267,,,
jPGDFrQLD4I_1268,,,
268836_1269,,,
aE7sckIAWuw_1270,,,
hj1ph17-0jE_1271,,,
veHYwR7ge6Y_1272,,,
wk5lFk5kFjY_1273,,,
bYt4wybVLRQ_1274,,,
MZoLQD83R-4_1275,,,
_BMdEKNF5Js_1276,,,
48nifdN2vSI_1277,,,
2Ky9DBSl49w_1278,,,
4CKhrjuuofk_1279,,,
k1ca_xbhohk_1280,,,
eSHOcLD5T58_1281,,,
ai7G98thPpk_1282,,,
WHUHTmtBJWU_1283,,,
4Vl6AeEkAg4_1284,,,
qaoSn1eEyq0_1285,,,
TqQgIxR7thU_1286,,,
dCDAcBR505Q_1287,,,
_YzIvwvyIq4_1288,,,
MvEw24PU2Ac_1289,,,
JX-mwjSw0dk_1290,,,
Ezn3p5FWF_U_1291,,,
ALlKbGE6BH0_1292,,,
8Lmqsakmw3M_1293,,,
olVQZV_1rdA_1294,,,
XytBlo2R5Yg_1295,,,
N7IerkWUClI_1296,,,
ggbV7YeSl7k_1297,,,
eKRWfaizBO0_1298,,,
4Yxe1_ohz7Y_1299,,,
FdTczBnXtYU_1300,,,
QWzIJuhLLrc_1301,,,
sRex0-9yFFc_1302,,,
MvFFYObY9A8_1303,,,
102408_1304,,,
hE-sA5umuCk_1305,,,
szic2IB9HB4_1306,,,
qJh6x4wmmh8_1307,,,
SLi2gT5H6m8_1308,,,
badtXoOJaf8_1309,,,
It6xg0WcqJ0_1310,,,
BuPhjBayua8_1311,,,
cXu56oK462o_1312,,,
KkKWFZZmmCM_1313,,,
pqAGD3ijMPw_1314,,,
RwcTz-tOIeo_1315,,,
NgENhhXf0LE_1316,,,
9tX18DNC74w_1317,,,
goMtnNHQ_z4_1318,,,
nZFPKP9kBkw_1319,,,
qtI3CB1jslQ_1320,,,
Arh2TKRi_mg_1321,,,
oCsrnIomHos_1322,,,
3paDwuRQP1w_1323,,,
E7ZLz3tSwNM_1324,,,
wfLrS6CdFs4_1325,,,
JVpF99zuQhA_1326,,,
Y4izAQYtGEw_1327,,,
V5lfNohNlEg_1328,,,
8f_lBxZgDb0_1329,,,
DVAY-u_cJWU_1330,,,
cSraseCDilY_1331,,,
p4IeTRNcxc4_1332,,,
he475nnmMi0_1333,,,
yCpHmPSshKY_1334,,,
jjbOD6u7V34_1335,,,
-HvKLjmsO5U_1336,,,
G3RPgs_7l3U_1337,,,
WmQF5RmbsVQ_1338,,,
jrDqduyQrfo_1339,,,
e1E5W_ZefmY_1340,,,
CVx494kExvc_1341,,,
jXp595jj734_1342,,,
6KvG5VbLalY_1343,,,
cAA2mONG98w_1344,,,
TSDC7CCyeGY_1345,,,
x0rLwBIocuI_1346,,,
3DOrdP4H8SA_1347,,,
bzPFUVGPS3c_1348,,,
muOYAxkG-Zo_1349,,,
1RxliidxXyQ_1350,,,
9Nhoi1jfDbY_1351,,,
Zb7bdrjWyEY_1352,,,
0vXaXWx7Rvo_1353,,,
B9oeT0K92wU_1354,,,
aNOuoSVlunM_1355,,,
j6R1NTrosuM_1356,,,
Ua4g9q0r-dI_1357,,,
icbUzboLcDQ_1358,,,
2RC_DXV_dPQ_1359,,,
fW1pK2L6RgM_1360,,,
ffrJ91swyq0_1361,,,
jXQmVFcOiUI_1362,,,
-3g5yACwYnA_1363,,,
teQqaAmqqx0_1364,,,
khw3YCTFLfs_1365,,,
OJwO6g01qO8_1366,,,
xfeASyC6PPg_1367,,,
MWCNzYUCys0_1368,,,
FX87sfrE47w_1369,,,
c1a1y9ytHH0_1370,,,
9cSJglGi9Pg_1371,,,
DatH-ra0VKY_1372,,,
lO6N9dyvPTA_1373,,,
lksy-At0vxc_1374,,,
8aZbX-xMdgI_1375,,,
6T1GHj7qwYs_1376,,,
kM6wo2bb3nw_1377,,,
SuIcJvERiFk_1378,,,
SNBqe_JpZC4_1379,,,
Te-vgmYgGM4_1380,,,
DVvJoMt9o80_1381,,,
d89Z_olwc2Y_1382,,,
TsfyeZ8hgwE_1383,,,
SH0OYx3fR7s_1384,,,
xwNQ7QuXaps_1385,,,
plsot5mFAtQ_1386,,,
GNP0PFas12Y_1387,,,
VVtx4IDsHZA_1388,,,
kld9r0iFkWM_1389,,,
w_qYZSVx2dM_1390,,,
KpMCvUyQCXg_1391,,,
QE0pAVSPsKQ_1392,,,
BDCFV4EqHjY_1393,,,
FP3o75bpi8k_1394,,,
kf3fZcx8nIo_1395,,,
vJDDEuE-FlY_1396,,,
MM2qPdnRmQ8_1397,,,
zcG0ms7CdBE_1398,,,
oZxMx8e0x2U_1399,,,
0p9XKC_J3hU_1400,,,
_iRAn6feOmw_1401,,,
JMb18N7lQ0A_1402,,,
uyeQsv2tq44_1403,,,
m0-DH0k115I_1404,,,
wNx1ZnQ0MDQ_1405,,,
ICeSewdyf34_1406,,,
SRP5FYP71Ng_1407,,,
BLFUj7_uy_0_1408,,,
1ZjIX9AK860_1409,,,
bU6CgE_kMRY_1410,,,
Uc_6d-fkZEc_1411,,,
TVhXqAI9gyA_1412,,,
s2oX3zxWuEI_1413,,,
v9GshyXtiWg_1414,,,
UF9OlX-QNHU_1415,,,
243646_1416,,,
3y2YInNUmHY_1417,,,
Kep_mLLXsqk_1418,,,
pvlmYjQdRmA_1419,,,
hBzw4r0kfjA_1420,,,
4HAC00EAdno_1421,,,
Q5fZk_jPjBI_1422,,,
rZqWAnrJ1Nc_1423,,,
iXiMifHNKPI_1424,,,
pU-MjERGTUk_1425,,,
vTAV6FThy30_1426,,,
MSmTFZ_-THM_1427,,,
JPT38CA3sGI_1428,,,
aKPfbyW-Qxw_1429,,,
Ie6sDptjAsU_1430,,,
ymPQOY2O_nw_1431,,,
K8gp7ncdUl8_1432,,,
Gz2qsCqWNUY_1433,,,
U8Ewftg_8CI_1434,,,
5O1W39o56gg_1435,,,
JY-krIuEUm4_1436,,,
pnSRLB6anIM_1437,,,
xiRUWSUrGSg_1438,,,
gv43BPYYxKQ_1439,,,
DMtFQjrY7Hg_1440,,,
p7zuPEZgtY4_1441,,,
zk2jTlAtvSU_1442,,,
-AUZQgSxyPQ_1443,,,
JGEEA_JVriE_1444,,,
mNurUl_Q2UY_1445,,,
hASTLbFHrEs_1446,,,
n5MU2-GFjo8_1447,,,
_JcML8u5Wes_1448,,,
ZKZ8UjaQQT4_1449,,,
cSrM5mHACmA_1450,,,
TxJjAK0WrOY_1451,,,
QWaUvAL-yiA_1452,,,
dLzsNc_hzkQ_1453,,,
zknhrUs7-lI_1454,,,
4jTUcNlxlYA_1455,,,
OctOcfI4KSs_1456,,,
aIUF3QJJOF4_1457,,,
424vOT3Nnyk_1458,,,
UjqA6KVW2m8_1459,,,
wj4snKbUWZA_1460,,,
_HanACduNJk_1461,,,
